sentences,category
담배 하루 갑 정도 피우다 전 끊다 늘다 가슴 하다 심 때 고산 지대 공간 있다 괴롭다 정도 이렇다 증상 전 있다 심혈관 심장 엑스레이 촬영 위 내시경 이상 없다다 하다 힘들다 일 달리기 하다 심하다 자 일어나다 심하다 기침 가래 없다 비염 모르다 코 목 넘어가다 잠 자리 불편 겪다 때 복용 콩알 세 까다 가다 레 튀다 나오다 합 니다 평소 그렇다 레 있다 느끼다 말 이러하다 증상 천식 아 다르다 병 알다 바라다,천명
안녕 자다 눕다 목 가가 끼이다 기분 듣다 헛기침 하다 빼내다 하다 빠지다 그러다 몸 이상 있다 여쭈다 후두암 보다 걱정 되다 지금 여성 흡연 쯤 시작하다 이제 정도 되다 아빠 평소 담배 피우다 어리다 때 간접 흡연 깊다 숨 쉬다 힘들다 하다 그러다 고등학교 때 터 앞 담배 피우다 터 모르다 느끼다 시점 고등학교 때 그때 평소 헛기침 하다 깊다 숨 내쉬다 힘들다 때 있다 최근 말씀 그다 비염 천식 같다 하다 비염 천식 맞다 알레르기 천식 나다 병원 진찰 받다 의사 선생님 정확 진단 받다 아니다 그렇다 하다 엄마 어리다 터 제가 호흡기 약하다 몸 이상 있다 걱정 되다 확인 해보다 병원 가다 때 당시 어다 디다 기억 날다 호흡기 폐 기관지 가래 같다 끼이다 그렇다 감기 치료 안하다 그러다 하다 처방 받다 약 먹다 낳다 정도 괜찮다 대학 들어오다 그렇다 코 소리 나다 때 있다 코 막히다 그렇다 하다 어리다 때다 감기 걸리다 소리 심하다 병원 가다 그리하다 기관지 약하다 하다 같다 기억 나다 계단 같다 걸어올라가다 뛰다 숨 차다 목 있다 이물질 크다 느끼다 지진 않다 혹시나 하다 후두암 대하다 알아보다 목 소리 나다 증상 있다 목 기 보 닿다 코 나다 같다 하다 자가 진단 체크 해보다 호흡 곤란 천명 기침 맞다 증상 없다 말 어렵다 알다 듣다 아 가요 여쭈다 목 이물질 같다 끼이다 느낌 듣다 빼내다 헛기침 하다 느낌 들다 병 보다 있다 인지 헛기침 해 평소 먹다 생활 아무렇다 밥 먹다 때 자연 먹다 자다 눕다 침 삼키다 이물질 걸리다 느낌 들다 곳 새다 느낌 최근 듣다 이유 기침 나오다 목 아프다 기침 심하다 연달다 하다 토하다 같다 때 있다 그러다 깊다 숨 들이쉬다 내쉬다 힘들다 연관 있다 후두암 증상 체크 호흡 곤란 천명 기침 정도 일치 증상 없다 괜찮다 나이 후두암 나타나다 있다 흡연 정도 하다 후두암 증상 나타나다 있다 금 연 무섭다 안되다 깊다 숨 들이내쉬다 소리 나다 헛기침 하다 하다 알다 비염 천식 알레르기 천식 트다 천식 듣다 병원 가다 확인 가능 가슴 증상 제가 혼자 스트레스 받다 그다 원인 일 수도 있다 마지막 흉통 폐가 부풀다 오르다 느낌 하다 ㄱ 이 순간적 나타나다 하다 명치 아프다 있다 순간적 증상 제가 여쭈다 보다 핵심적 질문 앞 금연 그리다 쉽다 말 이해 쉽다 답변 감사,천명
생후 정도 되다 신생아 여 두다 엄마 출생 후 지금 숨 쉬다 때 꺼 꺼 하다 숨 넘다 갈다 소리 나다 그렇다 숨쉬다 때 가슴 눈 띄다 드다 쑥 낳다 쑥 하다 병원 물어보다 호흡기 발달 되다 스다 그러다 있다 하다 엄마 마음 걱정 되다 스다 말 혹시나 기관지 이상 있다 염려,천명
올해 담배 틈 틈 히 피다 작년 얼마 안 피다 올해 들어서다 주위 피다 친구 많다 모이다 하루 반 갑 정도 피다 하다 턴 가다 숨 들이마시다 쌕쌕거리다 천명 있다 정도 뒤 증상 없다 때 폐 문제 생기다 하다 걱정 엑스레이 찍다 때다 문제 없다다 그러다 의사 선생님 요새 외다 등에 날개 삐다 부분 날개 삐다 아다 부분 외다 가슴 윗 통증 있다 숨 들이마시다 때 아프다 외다 가슴 윗 부분 통증 몸 오르다 기울이다 아프다 오구 등 날개 뼈 부분 통증 있다 아프다 폐 좋다 문제 생기다 아니다 검사 검사 받다 좋다 상황 답변 부탁 드립 니다,천명
결혼 되다 가구 전 쯤 원 임신 유산 하다 전 쯤 결혼 좋다 집안 일 있다 이때 한번 터지다 생리 불순 시작 되다 스트레스 심리적 무시 같다 생리 불순 알레르기 기관지 천식 생기다 처음 달 생리 하다 다음해 달 한번 달 하다 생리 하다 양 하다 하다 많다 작년 이맘때 아이 가지다 노력 하다 달 노력 하다 안되다 날짜 잡다 동네 병원 가다 불임 여성 호르몬 수치 낮다 시험 관 권하다 크다 병원 가라다 하다 놀라다 어이 없다 동네 병원 가다 샘 하다 말씀 틀리다 작년 불임 클리닉 다니다 남편 정자 양호 호르몬 검사 나팔관 검사 정상 하다 처음 알 알 세알 클로미펜 먹다 알 먹다 때 배란 통 느끼다 보다 배란 되다 요번 세알 먹다 약 늘리다 그렇다 생리 시작 일로 주 날 날 잡다 이틀 잡다 날 배란 통 시간 가다 잠 자다 없다 정도 신경 쓰이다 하다 그날 하다 다음날 아침 관계 하다 일 오늘 기초 체온 유지 되다 감기 몸살 오다 일주일 임신 증상 나타나다 있다 제가 천식 있다 보통 봄 가을 약 달 정도 먹다 작년 여름 가다 사용 하다 잠들다 전 신경 쓰이다 한번 쓰다 불임 클리닉 다니다 생리 하다 그러다 아니다 친구 먹다 복 분자 원액 주다 달 넘다 쓰다 천식 병원 말씀 하다 틀리다 임신 하다 때 베다 토 사용 하다 되다 안되다 하다 정확 전 평소 먹다 운동 하다 집 있다 하다 먹다 하다 살이 먹다 양 줄이다 빠지다 가다 불임 천식 관련 있다,천명
안녕 운동 천식 심하다 봐주다 고 후반 운동 유발 천식 듣다 동네 병원 메탈 부화 검사 결과 말 듣다 때 운동 안하다 그러다 제가 계단 층 걷다 오르다 가도 숨 사람 엄청나다 차다 뛰다 가다 그렇다 쉬다 야하다 상황 있다 그러다 천명 들리다 제가 현재 일전 제가 체육 하다 운동장 돌다 헥헥거리다 정도 돌다 낳다 숨 가다 파다 쉬다 체육 수업 시간 되다 운동장 가운데 자로 축구 골대 앞 뛰어가다 왕복 왕복 때 숨 차다 쉬다 학교 몸 풀기 하다 공 가지다 하다 몸 풀기 하다 수업 끝나다 숨 차다 다음 교시 기침 하다 숨 차다 심하다 어지럽다 동반 다음 교시 끝나다 점심시간 그때 괜찮다 기침 하다 똑같다 아 기침 하다 때 구역질 나오다 있다 숨 차다 숨 차다 기침 나오다 그렇다 천식 심하다 정도 운동 유발 천식 검사 대학 병원 검사 비용 얼마 정도 알다,천명
천식 치료 예방 관하다 질문 되다 남자 아이 태어나다 터 모세 기관지염 시작하다 감기 천식 병원 수차례 다니다 일주일 입원 하다 병원 다니다 야만 기관지 상태 호전 얼마 있다 증상 심하다 심하다 기침 가래 생기다 걸걸거리다 하다 소리 심하다 증상 나타나다 병원 약 먹다 심 입원 정 도로 하다 여기저기 알아보다 결과 치료 중요 원인 찾다 회피 하다 방법 하다 집안 생기다 곰팡이 잠자리 사용 극 사이 불 살다 집이 도로 주변 생기다 각종 먼지 요소 터 찾다 없애다 하다 스트레스 아래 일 아기 있다 큰애 어린이집 보내다 어린이집 다니다 스트레스 받다 면역 약 해지다 바이러스 노출 심하다 이외 많다 영향 있다 모르다 도움 부탁 드리다 면역력 강화 위하다 아이 하다 있다 건 무엇 자 세한 설명 부탁 드리다,천명
안녕 사다 학생 다르다 알다 오라 제가 전 천식 검사 정밀 검사 통하다 나오다 결과 알레르기 천식 심 알레르기 천식 나오다 현재 도 약 먹다 그러다 제가 약 먹다 호전 기미 없다 차다 바람 불면 기침 하다 그다 어제 급 일 중학교 운동장 약 반 바퀴 정도 되다 양 발 뛰다 되다 뛰다 때 천명 소리 나다 구토 정도 하다 말 친구 응급실 부르다 하다 정도 숨차다 천명 소리 뛰다 들리다 다그다 쉬다 들리다 들리다 하다 정도 되다 베다 토 알다 흡입제 사용 벤치 쉬다 자전거 타다 갈다 집 엘리베이터 앞 갈다 때다 말 하다 있다 조금 숨 차다 오늘 아침 학교 가늘다 역 걸어가다 숨차다 가래 기침 하다 그리하다 학교 올라가다 높다 언덕 올라가다 하다 올라가다 때 숨차다 기침 나오다 정도 쉬다 학교 도착 지금 괜찮다 학교 반 도착 때 기침 숨 차다 아다 한번 감기 시작 겨울 지속 운동 유발 천식 증상 내공 족다 오다 마다,천명
안녕 의사 되다 아들 있다 다르다 아니다 아들 어제 이비인후과 다녀오다 의사 알다 르 레 천식 하다 천식 어떻다 어떻다 하다 하다 알다 감사 음식 어떻다 먹다 하다 알다 주세,천명
안녕 과거 말씀드리다 담배 정도 피우다 천명 하다 밤 자다 때 쌕쌕거리다 담배 끊다 감기 심하다 앓다 대학 병원 정도 입원 치료 받다 외래 진료 동안 받다 그러다 퇴원 후 담배 끊다 담배 피우다 그러다 천명 나타나다 가다 약 정도 지나다 말 천식 증상 사라지다 보다 하다 치료 받다 일시적 일어나다 현상 담배 계속 피우다 완치 좋다,천명
알다 르 천식 의사 선생님 진찰 아이 증상 호흡 곤란 잦다 기침 콧물 코 힘 그중 호흡 곤란 폐렴 입원 치료 하다 지금 의사 선생님 진찰 받다 아이 숨소리 들리다 않다 위험 말씀 주사 폴 미 칸 처방 받다 집 오다 아이 뛰어놀다 숨 소리 가쁘다 들리다 입원 치료 정확 원인 알다 소아 천식 일반적 알다 르 천식 차이 알다,천명
목 가래 걸리다 비음 있다 기침 하다 내다 누렇다 점액질 가래 나오다 종합 병원 알레르기 반응 검사 팔 균 묻히다 결과 알레르기 체질 하다 기관지 유발 검사 결과 수치 이하 완전 천식 사이 천식 일 가능성 있음 수치 나오다 저녁때 되다 기침 심하다 천명 심하다 명치 부분 뽀개다 통증 오다 엑스레이 찍다 폐 정상 하다 잠자다 때 목 소리 나다 깨어나다 연속적 기침 하다 보통 천식 가래 없다다 하다 영락없다 천식 증상 보이다 이비인후과 축농증 있다 하다 항생제 처방 받다 동안 복용 좋아지다 하다 제가 후 비루 증상 느끼다 이비인후과 선생님 후 비루 없다다 하다 참고 은행권 종사 돈 취급 돈 나오다 세균 먼지 가래 생기다 원인 알다 치료 하다 하다 자세 구체적 답변 부탁 드리다,천명
안녕 하세 세 직장인 작년 이맘때 그전 없다 호흡 곤란 종합 병원 가다 검사 천식 검사 하다 별다르다 병명 찾다 그때 기관지 확장 양약 달 먹다 완치 되다 알다 올 듣다 작년 저녁 호흡 곤란 식사 후 취침 들다 위하다 눕다 되다 천명 소리 나다 정도 불편 소파 앉다 자다 앉다 쉼 쉬다 있다 어리다 찬바람 불 때 비염 심하다 지기 하다 작년 늘다 비염 없다 호흡 곤란 심하다 한의 원래 방해 진료 받다 치료 가능 낮 생활 문제없다 지난주 등산 충남 까다 하다 내려오다 저녁 심하다 모르다 좋다 치료 방법 알려주다 감사 수고,천명
현재 고등학교 학년 학생 감기 걸리다 병원 가다 호흡량 적다 검사 받다 보라 하다 블라 키트 사용하다 응급 처치 받다 나오다 의사 선생님 이틀 후 병원 오다 검사 받다 보라 하다 집 오다 인터넷 검색 천식 치료 기계 덜다 여름 방학 때 이유 없다 호흡 곤란 힘겹다 기억 나다 당시 이유 가슴 무겁다 머리 띵하다 숨 쉬 기가 슬다 소리 나다 하다 천명 게 증상 없다 천식 경우 유전적 질병 알다 외가 친가 천식 앓다 닿다 없다 어리다 때 만성 기관지염 앓다 오다 중학교 때 늘다 비염 생기다 기관지 관련 문제 없다 싶다 천식 당황 보다 쉽다 증상 정리 밤 자다 깨다 가슴 무겁다 감기 걸리다 기침 심하다 하다 숨 쉬다 힘들다 가슴 가다 찌르다 아프다 호흡량 적다 뛰다 걷다 쉽다 숨 차다 증상 만약 천식 맞다 조치 취하다 좋다,천명
성대 폴립 폐 기능 검사 영향 미치다 폐 기능 감소 표기 되다 있다 천식 기침 호흡 곤란 천명 없다 폐 기능 만 나오다 운동 하다 크다 지장 없다 폐 기능 나오다 약 먹다 하다 폐 기능 요 성대 폴립 있다 그다 영향 미치다 있다,천명
사정 전출 되다 막사 환경 바뀌다 밤 가슴 기침 소리 들리다 처음 감기다 알다 병원 가다 천식 유발 검사 하다 가스 먹다 불기 양성 나오다 가스 먹다 붇다 떨어지다 그리하다 처방 부대 들어오다 생활 천식 유발 밤 잠 자다 스트레스 받다 미치다 휴가 쓰다 사 제 병원 가다 알다 르 레 검사 하다 양성 뜨다 집 먼지 심하다 알 르 레 보이다 하다 강 하다 총 양성 도가 진 먼지 나오다 이렇다 경우 어떻다 하다 방법 없다 운동 부하 검사 해보 하다 현제 신체 등급 급 급 바뀌다 도와주다 입대 전 그리다 부대 바뀌다 전 제가 천식 꾸다 생각 해보다,천명
나이 되다 사다 때 기흉 수술 받다 동안 호흡기 달다 살다 재발 한번 없다 초등학교 학년 이후 천명 있다 던지다 듣다 어리다 때 발병 기흉 성장 발병 기흉 재발 낮다 아프다 덜다 사실,천명
약 전 천식 발병 가족력 맞다 외가 천식 있다 친가 비염 있다 천식 비염 발병 입원 하다 원래 조금 스트레스 받다 하다 발병 때 빼다 천명 기침 안 하다 요즘 심 비 코트 하다 약도 처방 받다 먹다 효과 보다 같다 요즘 의심 제가 나이 대이다 의사 선생님 심장 쪽 천식 의심 가족력 없다 선천적 그러다 없다 넘기다 요즘 듣다 심장 뛰다 거려 심장 질환 약도 먹다 하다 효과 보다 알다 진짜 병원 가기 지치다 심장 질환 증상 알리다 나중 심장 문제 있다 도 있다 부탁드리다,천명
아빠 건강 검진 받다 간 이상 있다 크다 병원 지금 검사 받다 간 췌장암 말기 의사 선생님 아빠 테 얘기 안 동생 얘기 보다 지방 동생 얘기 썰다 몰르다 얘기 이해 많다 아빠 얘기 검사 끝나다 내려오다 자연 치유 요법 같다 받다 알다 보라 하다 항암 치료 받다 경우 이기다 힘 없다 선택 하다 텔레비 시청 보다 생로병사 암 환자 분 치유 방법 나오다 아빠 그렇다 병이 악화 되다 나아지다 있다 좋다 방법 찾다 좋다 답변 부탁 드리다,천명
목 이물감 느껴지다 일주일 넘다 예 비중 아이 찾아보다 편 결석 역류 식도염 이 저의 증상 처음 증상 시작 때 목 이물감 느껴지다 하다 어제 목 노랗다 알갱이 냄새 심하다 가다 정도 크기 나오다 목 이물감 느껴지다 전 알갱이 나오다 이물감 느껴지다 목 알갱이 나오다 처음 목 이물감 사라지다 남다 같다 목 통증 없다 열도 안 나다 가래 약간 정도 없다 정도 평소 같다 편도 결석 역류 식도염 노 알갱이 나오다 편도 결석 역류 성식 염의 원인 입안 등 청결 상태 불량 양 치하 양치 방학 저녁 하다 빠지다 학교 다니다 때 그리하다 인터넷 그렇다 무엇 의심 되다 후두 내시경 마취 같다 아프다 노 알갱이 뱉어내다 청결 상태 깨끗하다 이물감 사라지다 병원 가다 집 생활 습관 그렇다 바꾸다 낫다 청결 상태 유지 방법 병원 가다 무섭다 하다 질문 많다 아 자세 답변 부탁드리다 답변 부탁,천명
안녕 하세 알레르기 없다 어리다 때 알레르기 비염 가지다 환절기 때 고생 하다 참고 유학 다르다 달 독감 앓다 후 기침 계속 하다 병원 여러번 방문 의사 선생님 감기 일 꺼 항생제 줄다 항생제 주 정도 먹다 기침 낫다 하다 항생제 먹다 기침 시작 폐렴 결핵 하다 찍다 정상 나오다 이비인후과 가다 증상 말하다 이상 없다다 하다 증상 적다 보다 말 기침 하다 요즘 주 사이 심해 같다 말 터 흉통 있다 흉통 있다 결핵 폐렴 의심 아니다 보통 왼쪽 가슴 왼쪽 겨드랑 옆 가슴 이 아프다 오른쪽 가슴 아프다 천명 숨 들이마시다 내쉬다 때 약간 이러다 소리 나다 가래 없다 목 막히다 느낌 나다 숨 쉬다 불편 예전 가볍다 들이마시다 지금 크다 들이마시다 크다 들이내쉬다 하다 크다 숨 들이마시다 가슴 왼쪽 내부 아프다 밤 자다 전 가슴 숨 쉬다 불편 잠 들다 전 불편 기침 아침 괜찮다 같다 밤 되다 흉 통 심하다 기침 심하다 같다 요 달 몸 낮잠 자다 되다 최근 머리 무겁다 느껴지다 어리다 때 천식 없다 크다 천식 생기다 있다 한국 듣다 갈리다 면 정도 남다 천식 기간 동안 방법 통하다 증상 조금 완화 시키다 있다 증상 생기다 달 넘다 치료 한국 돌아가다 전 동안 안 몸 치명적 변화 생기다 있다 목숨 영향 끼치다 치명적 변화 라 가다 읽다 감사,천명
성의 복사 붙이다 넣다 하다 하다 말 세여 부분 답변 되다 쓸리다 아프다 수술 생각 인터넷 월 통증 제대 앉다 하다 보다 그다 천명 인 케이 스다 한명 되다 있다 까다 걱정 되다 질문 소음순 부분 신경과 혈관 있다 그러다 혈관 신경 짤리다 되다 새살 돋다 티 상관없다 겉 부분 따르다 도려내다 방법 수술 받다 부작용 없다,천명
속력 초당 달리다 숨 가빠지다 가슴 천명 소리 하다 머리 엔지 멍하다 짐 운동 다하다 동 기침 그다 이지 속 하다 돌아가시다 할아버지 천식 따다 대 운동성 천식 의심 해 바,천명
고등어 튀김 먹다 후의 알레르기 증상 알다,천명
안녕 신경통 있다 걸리다 질문 글쓴이 질문 있다 이렇다 질문 드리다 얼마 전 인터넷 하다 말초 신경 손상 있다 환자 정도 발전 라 쓰다 논문 비슷하다 보다 말초 신경 손상 함 신경통 증상 아니다 그렇다 신경통 있다 말초 신경 손상 발전 소리 통증 있다 없다 하다 신경통 예 듣다 제가 신경 쓰다 쑤시다 아프다 신경 쓰다 아프다 신경통 신경성,천명
안녕 초 인 여학생 눈 사시 제가 오른쪽 사시 수술 하다 사시 수술 한지 되다 그러다 제가 달 안과 가다 하다 까먹다 가다 제가 사진 찍다 오른쪽 눈 돌아가다 어떡,천명
제가 생오징어 괜찮다 건조 오징어 튀김 오징어 먹다 입술 미치다 가렵다 어리다 그리하다 중학생 쯤 되다 이러다 이러다 걸다,천명
제가 전 하다 계란 먹다 그때 이상 없다 전 계란 먹다 손등 엄지손가락 아래 검지 손가락 아래 부분 해지다 알다 지가 생기다,천명
아몬드 알다 지이다 무엇 모르다 예 전 아몬드 먹다 목 걸리다 거북 지금 새벽 시간 미 잠 자다 친구 말 믿다 빵 다량 아몬드 갈다 넣다 보다 뒤 성 대가 불편 해지다 시작 성 대가 붓다 같다 느낌 목 원 동전 걸리다 잠 자다 친구 고소 순 없다 아다 노다 알다 같다 이러다 고치다 아몬드 맛있다 짜증나다,천명
저가 찧다 밤 완전 좋아하다 밤 먹다 얼굴 뜨겁다 붉어지다 밤 안 먹다 있다 괜찮다 밤 먹다 그러다 알레르기 건강 좋다 밤 알레르기 있다,천명
어리다 때 그리하다 닭 오리 같다 조류 먹다 심하다 알레르기 일어나다 약 먹다 해지다 하다 그다 그러다 음식 사과 키 위 복숭아 같다 과일 통조림 참치 먹다 심하다 입 가렵다 하다 알레르기 초기 증상 같다 한번 당근 우유 갈다 마신 있다 입 붓다 가렵다 그리하다 흠 이러다 걸다 체내 특정 영양소 항원 받아들이다 그러다 있다 야채 즙 먹다 없다 아 제가 갈다 마시다 안되다 마시다 답변 주세,천명
안녕 남성 뇌종양 아니다 요즘 걱정 두통 오다 예전 만성 두통 뇌 같다 해 뇌 조영제 상 뇌 혈관 이상 없다 결과 나오다 뇌혈류 초음파 정도 받다 이상 없다다 하다 넘다 사이 발생 있다 가족 뇌 질환 걸리다 없다 방사선 좋다 하다 태어나다 지금 머리 년 축농증 수술 두 경부 뇌 복부 잠 복고 환 찾다 충수염 의심 찍다 과도 방사선 노출 걱정 되다 사람 정도 건강 염려 하다 두통 오다 때 크다 병 어떻다 하다 불안감 들다 병원 가보 편두통 긴장성 두통 작년 군 발 두통 겪다 지나치다 걱정 같다 생각 들다 영상 촬영 하다 전 늘다 모르다 뇌종양 원인,천명
제가 천식 심하다 스트레스 쌓이다 급작스럽다 터지다 기절 하다 스트레스 쌓이다 천명 객담 끓다 흉부 압박 호흡 곤란 오다 이러다 무리 때 몸 흡입 때 떨리다 스트레스 쓰러지다 그렇다,천명
제가 어리다 때 천식 있다 고등 학교 올라오다 증상 나다 타다 고요 제가 대학 입시 준비 운동 하다 달리기 숨 차다 천명 오드 숨 마시다 비 공기 드러오다 토 같다 지금 근처 내과 스다 약 타다 보라색 둥글다 거랑 확장 제랑 먹다 알약 이요 그다 좋아지다 기미 보이다 실기 얼마 남다 어떻하다 좋다 가요 병원 가보다 가요 아다 님 한의원 가보다 가요,천명
제가 한 달 넘다 터 있다 순간 보다 숨 쉬다 쉬다 쉬다 가슴 목 누 누르다 느낌 들다 호흡 하다 힘들다 기침 원래 헤다 소리 나다 그다 그러다 않다 요 근래 위 증상 정도 가다 나타나다 심하다 힘들다 병원 가보다 레이 찍다 의사 선생님 레이 알다 없다 레이 상 문제 없다 크다 병원 가보 하다 이러다 천명 없다 천식 같다 병,천명
겨울 차다 공기 마시다 천명 들리다 숨쉬다 버겁다 요즘 여름 에어컨 튿다 노면 쌕쌕거리다 숨차다 숨쉬다 힘들다 가슴 가래 끼다 평소 이렇다 숨차다 때 사용 있다 흡입기 없다 자기 전 마시다 흡입기 있다 일상생활 숨차다 때 쓰다 안되다 하다 병원 가다 말하다 되다 참으다 있다 참다 낫다,천명
안녕 하세 천식 환자 전 효과 나타나다 안다 질문 드리다 쓰다 뚤리다 느낌 잇다 하다 필요시 효과 없다 쓰다 효과 없다 벅차다 운동 후 약간 천명 잇다 베다 토 흡입 효과 잇다 지금 기관지 순간 확장제 약품 잇다 병원 받다 라이저 효과 나타나다 베다 토 효과 없다 확장제 잇다,천명
안녕 전 증상 있다 알레르기 천식 같다 질문 드리다 가슴 압박 감 증상 있다 여 목과 가슴 사이 거리다 잔기침 한번 나오다 입 복식 호흡 호흡 들이마시다 기침 나오다 가슴 쇠 냄새 가다 끄다 냄새 나다 천식 증상 있다 천명 숨쉬다 떄 가랑 가랑 소리나다 증상 없다 주말 집 쉬다 때 괜찮다 출근 하루 종일 가슴 거리다 기침 나오다 얼마 전 대학 병원 갔다오다 천식 증상 유사 천식 하다 천식 검사 안하다 상담 제가 연축성 발성 장애 앓다 성대 벌어지다 증상 있다 거일 수도 있다 대학 병원 성대 하다 역류 식도염 있다 식도염 같다 이러다 알레르기 천식 검사 데로 하다 되다 건 가요 미치다 위 증상 전 그리하다 요즘 심하다 여름 때다 괜찮다 싶다 겨울 하루 종일 이러다 전 감기 때 이렇다 알다 올해 겨울 때 하루 종일 매 일 증상 있다,천명
최근 운동 하다 급하다 호흡 때 전 쌕쌕거리다 소리 하다 되다 그러다 소리 나다 감기 주 안 나다 비염 같다 병원 가다 목 가래 끼다 뱉다 식욕 없다 먹다 나중 속 오르다 올라다 그리하다 천식 증상 보다 호흡 곤란 기침 나오다 몰르다 묻다 바 기관지 천식 아니다,천명
천식 있다 아이 심하다 겨울 이번 겨울 심하다 호흡기 치료 달 이상 같다 바이올린 하다 하다 사다 송진 가루 있다 인지 가지다 놀다 시간 후 엄마 천명 소리 나다 하다 아이 바이올린 못하다 되다 보다 속상하다 하다 천식 좋다,천명
제가 어리다 때 서울 살다 명절 때 할머니 댁 인천 인천 가다 눈 충혈 아프다 고생 그다 한참 그러다 인천 이사 가다 인천 서울 오다 잠 자다 눈 충혈 아프다 목 아프다 재채기 히 코 막히다 이러다 공기 바뀌다 그러다 제가 먼지 목 해지다 코 막히다 숨쉬다 힘들다 재채기 그렇다 아다 그리다 씻다 나오다 숨쉬다 힘들다 정도 쉬다 연속 재채기 나오다 코 막히다 저녁 밤 되다 그리하다 비염 기침 때 천명 소리 나다,천명
올해 세 남성 전 요로 결석 위치 하다 내시경 수술 받다 수술 시 척추 마취 못하다 성공 하다 수술 받다 후 허벅지 안쪽 당 김 있다 통증 계속 부목 알다 삼일 부목 제거 그리하다 다리 저리다 통증 계속 어제 통증 심하다 걷다 기다 하다 비뇨기과 찾아가다 결과 선생님 말씀 척추 마취 잘못 그렇다 증상 보다 때 디스크 일 가능성 높다 정형외과 가라다 하다 그리하다 정형외과 가다 디스크 수술 시 감염 가능성 높다 수술 병원 가다 검사 받다 보라 하다 수술 응급실 촬영 하다 그다 수술 곳 이상 없었다 디스크 척추 끝 보이다 출혈 계속 다리 아래 통증 오다 같다 척추 마취 때 찌르다 그러다 있다 하다 그리다 마취 과장 사람 부르다 설명 하다 잘못 얘기 이렇다 경우 첨 보다 천명 생기다 책 나다 보다 있다 드물다 경 자신 잘못 변명 늘어놓다 그러다 일단 신경외과 선생님 말대 입원 지혈제 통증 완화 약 쓰다 피 마르다 있다 하다 안정 취하다 되다 당장 입원 하다 추이 지켜보다 하다 어젯밤 입원 하다 지금 거동 크다 불편 없다 수술 이렇다 고생 보다 신경외과 의사 말 병원 대하다 믿음 없다 크다 병원 옮기다 되다 하다 이주 정도 치료 경과 보다 찍다 지혈 되다 확인 해보다 되다 어떻다 하다 되다 고민 같다 케이스 어떻다 보통 치료 하다 이렇다 경우 피 흘러내리다 가다 마르다 있다 지켜보다 되다 크다 병 병원비 담 주 화욜 해외 출장 잡히다 상황 이렇다 이번 주 입원 통증 심 퇴원 출장 가야 상황 크다 걱정 같다 경우 흔하다 경우 이렇다 경우 입원 계속 되다 아니다 증상 완화 담 주 약 타다 출장 가다 되다 지금 제가 당 상황 의료 사고 의사 선생님 빠르다 답변 부탁 드리다,천명
평소 괜찮다 수업 듣다 책 보다 어떻다 때다 옆 걷다 뛰다 때 곤란 생기다 숨 정상적 들이마시다 느낌 보충 크다 하품 들이마시다 하다 느다 거칠다 코 숨 소리 들리다 교수님 앞 쳐다보다 수업 숨 소리 크다 말르다 시다 전 이러다 코 나다 소리 고민 하다 그리하다 전 작다 들리다 이상 생각 듣다 검색 해보다 천명 그러다 소리 있다 군 옛날 약간 천식 끼 있다 얘기 듣다 의심 가다 길다 하다 이상 과체중 수업 녹음 들어보다 목 소리 크다 내시 교수님 헷갈리다 콧구멍 속 코 듣다 소리 들리다 같다 수업 숨 모자라다 쉬다 시간 배 크다 내쉬다 엎드리다 한숨 자다 다음 수업 때다 조금 완화 같다 하다 다음 수업 되다 원래 갈다 수업 가빠지다 머리 띵하다 기절 느낌 들다 코 쉬다 숨 부족 하다 입 쉬다 숨 막히다 증상 생기다 참고 흉통 겹치다 오다 때 있다,천명
저번 주 금욜 동네 의원 턱 보톡스 맞다 빨갛다 붓다 하면서 간질 월욜 병원 갈다 먹다 약과 마 톱 처방 차이 없다 약 먹다 발르다 없다 보톡스 알다 지라 덜다 천명 이라다,천명
안녕 년 거주 한국 있다 때 특정 음식 대하다 알레르기 없다 오다 되다 가다 알레르기 증상 나타나다 먹다 음식 통하다 생 간 알레르기 뜻밖 일입 있다 일본 음식 먹다 초밥 회 먹다 때 어떠하다 알레르기 증상 없다 지금 알레르기 증상 나타나다 음식 통하다 타다 모르다 하루 고등어 튀김 장어 덮밥 만두 구이 먹다 얼굴 홍조 가려움증 두드러기 발생 연어 튀김 먹다 나서다 게 튀김 먹다 홍조 얼굴 드다 리 발생 알레르기 병원 가다 테스트 받다 생선 등에 알레르기 없다다 나오다 생각 특정 기름 소스 알레르기 있다 같다 대하다 알레르기 테스트 하다 없다다 하다 위 겪다 알레르기 섭취 음식 통하다 알 증세 있다 알다 있다 답변 부탁 드리다 감사,천명
작년 대학 병원 탈장 수술 받다 처음 골반 심하다 아프다 척추 전문 병원 촬영 후 디스크 진단 받다 낫다 들다 대학 병원 정형외과 갈다 탈장 있다 같다 외과 보내다 탈장 수술 하다 복강경 수술 하다 수술 후 음낭 안 혈종 크다 생기다 주먹 크기 담당 의사 선생님 걱정 없다 지켜보다 달 정 지나다 달걀 크기 줄어들다 이후 지금 정도 경과 크기 줄다 뭉치다 정도 과정 담당 의사 안심 작아지다 하다 크기 줄어들다 달 전 진료 비뇨기과 가보다 하다 같다 만약 제거 수술 하다 하다 자신 하다 하다 탈장 수술 후 넘다 지나다 없다 초음파 검사 통하다 혈종 확인 성 나다 이렇다 경우 본적 있다 하다 그전 까다 이렇다 경우 많다 자신 있다 어떻다 하다 덜다 선생님 이정 경우 처음 보다 비뇨기과 신청 어제 같다 대학 비뇨기과 가다 비뇨기과 선생님 보다 수술 혈종 외벽 생기다 같다 앞 크기 줄다 고환 좋다 당장 수술 하자 하다 수술도 외과 자신 비교기 과 하다 하다 하다 고 환 정관 부 위기 대학 병원 믿다 수술 받다 동안 말 바뀌다 혈종 제거 수술 자신 하다 하다 신뢰 가다 어처구니 없다 외과 선생님 말로 탈장 발생 오래되다 후의 수술 지방 들어가다 수술 과정 피 나다 하다 이렇다 경우 있다 주먹 크기 혈종 이후 늘다 크기 주다 달걀 정도 크기 경우 어떻다 하다 되다 도와주다 수술 하다 하다 여부 어제 비뇨기과 선생님 말로 혈종 있다 심하다 경우 천명 한명 꼴 같다 하다 의료 전문적 분야 라 환자 의료진 과의 비대칭 정보 심하다 곳 믿다 의지 하다 이번 일 이후 의문 들다 참고 지금 골반 문제 아니다 골 반 아프다,천명
폐암 나타나다 증상 사람 동 일하 대개 기 침 객혈 천명 호흡 곤란 늑막 흉벽 통증 어깨 통증 연하 곤란 삼키다 장애 애 쉬다 목소리 횡경막 마비 부정맥 열과 객담 동반 폐렴 산소증 간 효소 수치 이상 전신 증상 식욕 부진 체중 감소 발열 면역력 감소 나타나다 제가 담배 피다 가량 하루 매이다 갑 피우다 몸 이상 위 나타나다 내과 호흡기 내과 검진 받다 보라 덜다 돈 들다 기침 갈비뼈 통증 왼쪽 겨드랑이 부분 통증 삼키다 장애 목 부음 어깨 통증 동 통증 쉬다 목소리 있다 지금 주일 같다 차도 무섭다 담배 끊다 목 부음 등 어깨 갈비뼈 통증,천명
제가 어리다 천식 있다 운동 통하다 천식 극복 성인 되다 이후 천식 없다 나이 요즘 근래 면역력 떨어지다 잔병 많다 현재 감기 기침 나오다 기침 도하 긴하다 실제 기침 기침 나오다 말 락 하다 그러다 한번 기침 하다 느끼다 기침 하다 기침 나오다 느끼다 히다 신경 쓰다 떄 그렇다 현재 열 나다 몸살 아니다 콧물 가래 생기다 하다 없다 감기 어리다 떄 천식 고생 천식 생각 해보다 천식 증상 같다 없다 어리다 때 천식 천명 심하다 분무기 같다 기관지 확장 하다 정도 까다 눕다 때 기침 나오다 하다 경우 많다 같다 마 쉬다 때 내쉬다 떄 기침 나오다 열 나다 기침 달 가량 지속 느끼다 기침 하다 기침 나오다 느끼다 히다 신경 쓰다 떄 그렇다 첨 병원 목 감기약 복용 지금 감기 아니다 감기약 복용 현재 목 하다 물 좋다 달 가량 지속 원인 찾다 고생 의심 있다 병명 무엇 까다,천명
원래 눈매 교정 필요 눈 전 매몰 하다 한 눈 뜨다 힘 약하다 양쪽 심하다 비대칭 수술 하다 하다 이번 절개 눈매 교정 앞트임 모두 받다 하다 의사 선생님 그렇다 하자 동의 매니저 말 미간 앞트임 하다 눈 몰리다 보이다 있다 앞트임 경우 흉터 남다 있다 앞트임 하다 부자연 스다 울다 사람 대부분 하다 좋다 같다 하다 천명 고객 전 후 보다 매니저 말 따르다 앞트임 하다 하다 매몰 되다 비 절개 눈매 교정 시행 회복 빠르다 하다 그러다 의사 선생님 쌍꺼풀 라인 두껍다 하다 위하다 절개 하다 하다 이중 매몰 미래 풀리다 염려 있다 지금 절개 하다 낫다,천명
오늘 생후 일 아기 수 유량 또래 비하다 부족하다 하루 먹 고요 날 먹다 때 있다 아이 선천 후두 천명 있다 많다 양 먹다 정도 먹다 혼합 수유 모유 분유 합치다 총량 정도 또래 아이 반 정도 먹다 태어나다 때 빨다 몸무게 가다 감소 하다 적다 양 간격 수시 물리다 체중 체크 하다 몸무게 또래 평균 가요 일 남아 일다 나다 먹다 체중 이렇다 걸다 걱정 되다 건 키 또래 평균 이하 되질 않다 이마 저다 주 정도 일다 체중 늘다 살이 붙다 눈 보이다 볼 턱 허벅지 종아리 사람 먹다 알다 좋다 붓다 걸다 아다 님 단순 체질 탓 정도 아가 밤 정도 자다 아가 요즘 자다 때 간격 수유 예전 하다 간격 깨 먹다 자다 수면 수유 맞물리다 문제 되다 느낌 괜찮다,천명
환절기 갑작스럽다 온도 변화 있다 밤 가래 시달리다 시간 지나다 천명 들리다 숨 쉬다 힘 들다 피부 돌다 표면 변하다 좋아지다 기침 많다 소화 원할하다 돼다 원래 비염 있다 가래 생기다 알다 호흡 곤란 천명 들리다 심하다 이렇다 때 기관지 확장제 버티다 하다 쓰다 내성 생기다 나중 약발 들다 보다 지속적 쓰다 부담 평소 유의 하다 점 좋다 습관 개선 어떻다 하다 하다 쓰다 주세 병원 갔다오다 낫다 순간 나중 이러하다 상황 반복 작년 그리하다 같다 도움 부탁 드리다,천명
천식 인하다 가깝다 병원 다니다 슬다 천식 초등학교 지금 후반 때 경구 투여 약 받다 지속적 정도 진료 받다 뒤 증상 치료 지내다 대학교 들어오다 정도 환절기 감기 인하다 가벼운 천명 소리 나다 하루나 이틀 지나다 증상 없다 천식 진료 그러다 어제 일교차 심하다 그렇다 천명 생기다 이때 문 밤 잠 설치다 천식 잠 설치다 기억 어리다 때 말다 늘다 놔두다 안되다 생각 들다 습 니다 오늘 되다 서도 증상 완화 병원 가기 되다 가면 주사 한방 맞다 경구 투여 제 베타 제제 부신 피질 스테로이드 예상 늘다 흡입제 처방 받다 오다 흡입기 쓰다 의문 생기다 글 남기다 니다 흡입기 설명서 읽다 중 일반적 주의 사항 약 일차 치료제 사용하다 되다 적히다 잇다 쓰기 꺼리다 지네 증상 천명 나다 평소 호흡량 정도 호흡 되다 같다 이약 경증 의 천식 증상 초기 진료 적합 적히다 잇다 저의 증상 중증 천식 증상 되다 흡입기 티 폼 흡입제 중간 용량 이 제품 출시 약 은 액 시마 정 애도 정 정 받다 슬다 이틀 후 의사 선생님 오라 흡입기 사용하다 되다 전 흡입기 사용하다 고민 쓰다 흡입기 심 사람 쓰다 생각 꺼리다 답변 부탁드리다,천명
천식 증상 호흡 곤란 기침 천명 말다 숨 차다 가래 생기다 잇다 기침 호흡 곤란 안 하구 숨 차다 가래 생기다 잇다 아다 그리다 호흡 곤란 모르다 걷다 뛰다 운동 숨 차다 입 후 후 후 이러다 호흡 곤란,천명
제가 숨 차다 기침 하다 밤 심해 그리다 학교 체육 시간 체육 기침 발작적 나오다 비다 후 과 스다 약도 받다 늘다 주 낫다 낮 지르다 안다 처음 전 천식 생각 의사 선생님 청진기 대보다 감기 하다 천식 청진기 듣다 천명 들리다 하다 하다 그러다 전 천식 아니다 요 증상 그러다 까다,천명
남자 태어나다 때 쌍꺼풀 짝짝이 속 쌍꺼풀 만들다 하다 겁 많다 요즘 교정 하다 발치 과정 고통 수반 의료 행위 애 먹다 병적 겁 많다 걱정 많다 쌍꺼풀 수술 하다 때 요즘 마취 하나 수면 마취 무 통 마취 마취 크림 도포 방식 던지다 일반적 성형외과 제공 수면 마취 마취 전문의 있다 하다 병원 지원 같다 수면 무 통 과정 제일 일반적 눈 주사 맞다 국소 마취 고통 듣다 겁 질리다 부위 보다 바늘 찔리다 아프다 마취 액 들어가다 유발 통증 상당 하다 아프다 가요 수면 마취 경우 천명 한명 꼴 깨어나다 뇌사 상태 빠지다 사람 있다 국소 마취 만큼 안정성 보장 받다 없다 사실 같다 정도 위험성 있다 절개 법 매몰 법 따르다 수술 과정 다르다 경우 모두 안구 덮다 안쪽 빨갛다 살점 주사 놓다 눈 뒤집다 때 나오다 살점 눈 국소 마취 받다 고통 놀라다 몸 하다 눈 다치다 실명 경우 발생 있다 여지 있다 걱정 주사 눈 맞다 의문 마취 외적 문제 오른쪽 눈매 조금 변화 원 왼쪽 쌍꺼풀 없다 오른쪽 눈매 다르다 왼쪽 수술 하다 왼쪽 오른쪽 만들다 닿다 환자 주문 한쪽 수술 하다 한쪽 다그다 만다 대칭 맞추기 어렵다 하다 하다 필수 속 쌍꺼풀 디자인 얇다 가능 가요 붓다 빠지다 전후 구분 없다 최대 얇다 가능 가요 건 한번 칼 대면 얇다 티 안 나다 하다 하다 이상 변화 기본 생기다 환자 원하다 디자인 원하다 얇다 가능 둘 맞다 질문 많다 성형외과 의사 답변 가능 믿다,천명
답변 비뇨기과 의사 불다 경고 하다 포경 수술 필수적 질문 하다 광고 답변 받다 아니다 양 부탁드리다 아빠 포경 수술 필요 쪽 깁다 같다 엄마 아빠 선택권 넘기다 상태 하다 있다 안하다 있다 지금 상황 꼬이다 학원 다니다 방학 때 며칠 연속 빠지다 친구 의심 사다 하다 고통 문제 라 인터넷 기사 찾아보다 레이저 포경 수술 보다 회복 빠르다 하다 그러다 금요일 저녁 수술 토 일 집 쉬다 월요일 학원 갈다 있다 같다 글 보다 뉴스 기사 광고 기사 욕하다 사람 여 트다 전 포경 수술 안받다 반 애 반 이상 된장 점 있다 제가 번호 매기다 답변 하다 주세 부탁 드립 니다 요즘 후 도 포경 수술 하다 안하다 이상 분위기 씻다 귀찮다 하다 성격 포경 수술 필수적 하다 되다 수술 받다 가정 레이저 시술 회복 빠르다 덜다 제가 위 말하다 토 일 쉬다 월요일 학원 갈다 있다 정도 어떠다 기사 의료 사고 인하다 성기 절단 이르다 덜다 정 말로 그러다 있다 섬뜩하다 그러다 위험 있다 레이저 시술 마찬가지 포경 수술 필수적 찌꺼기 끼다 염증 걸리다 덜다 결정적 사례 있다 포경 안 사람 귀두 부분 염증 걸리다 병원 오다 사람 많다 중요 질문 많다 그리하다 부탁 드립 니다 심각 그리다 처음 부분 공격적 쓰다 놓다 사과드리다 기분 나쁘다 그리하다 양심적 답변 부탁드리다 히 제대 되다 상담 받다 곳 없다,천명
안녕 천식 주 정도 고생 학년 여자 어린이 길다 읽다 주세 제가 저번 아침 학교 등교 때 힘들다 그때 학교 가다 계단 올라가다 숨 차다 그때 천명 일어나다 기침 도요 학교 끝나다 놀다 집 가다 때 숨 차서 응급실 가다 입원 이번 이틀 치약 병원 다니다 제가 약이 떨어지다 한번 먹다 숨 차다 고통 밤 잠 자다 학교 가다 병원 수액 맞다 약 받다 이러다 오늘 빙수 얼음 먹다 기침 나다 그리다 병원 가면 호흡기 치료 괜찮다 안정 되다 천식 쯤 때 있다 일어 나도 이틀 괜찮다 이제 학년 지내다 이러다 힘들다 병원 입원 제가 천식 일어나다 하다 건 알레르기 검사 진드기 요 그다 피하다 천식 약 안 먹다 일어나다 두렵다 천식 완치 안되다 천식 좋다 음식 좋다 습관 알리다 주세,천명
차이점 설명,천명
나이 부끄럽다 오늘 우연찮다 친구 업소 가다 되다 일하다 여성 분과 관계 늘다 처음 여성 성기 입 애무 하다 쌓다 같다 삽입 하다 하다 쌓다 같다 느낌 오다 발기 풀리다 결국 사정 마지막 직접 손 자위 하다 빼다 여성 느낌 오다 검색 해보다 증상 지 같다 자 위 사다 때 하다 여 일주일 하다 하다 때 하루 그렇다 음경 휘다 증상 사정 자위 싸다 성관계 하다 때 사정 느낌 오지 이 전 관계 가지다 사정 실패 증상 지 루가 맞다 맞다 치료 하다 있다 앞 섹스 하다 때 문제 많다 같다,천명
안녕 살다 남 발 두통 환자 남자 군 발 두통 영어 을 달다 산지 정도 되다 추정 실제 병명 군 발 두통 알다 전 응급실 만나다 젊다 의사 동안 수 당기다 병원 처방 약 결국 군 발 두통 치료제 아니다 일반부 통 치료 알다 순간 군 발 두통 수치 상 인구 천명 걸리다 병 대하다 알다 의사 않다 응급실 안 근무 초자 간호사 초자 직원 대부분 모르다 보시다 되다 군 발 두통 고통 대하다 알다 생략 제가 쓰다 치료 방법 약 대하다 조금 도움 되다 하다 마음 아래 설명 드리다 알약 은 좋다 약 맞다 약 먹다 하다 몸 효과 오다 소요 군 발 두통 환자 발작 오다 때 알약 주다 처방 별도 움 되다 발작 걸치다 최고 올라오다 동안 고통 받다 이후 그리하다 느다 없다 짐 알약 경기 끝나다 후 선수 입장 모양새 되다 알약 따르다 한국 판매가 안 알다 피하 주사 있다 의사 선생님 애기 트릭 스다 불리다 진통제 복부 넣다 주사기 처음 사용 때 당시 두통 발작 높다 분내 발작 멈추다 정상 돌아오다 현재 년 쓰다 사용하다 이제 걸리다 값 비싸다 약 불 발 두통 고통 아시 분 돈 보이다 정도 필요 산 소통 한국 구비 가능 알다 집 크다 산 소통 발작 초기 증세 나타나다 잽싸다 산소 호흡 하다 중요 있다 둘 어기다 산소 호흡 도루묵 되다 산소 마스크 코 들어가다 호스 코 입 부분 전체 막다 마스크 사용 하다 산 소 레벨 로 많다 양 산소 정도 흡입 하다 많다 분 산 소통 구매 비싸다 산소 레벨 이상 근방 산소 없다 짐 본전 생각나다 하다 상기 가지 룰 지키다 하다 세째 만약 한국 하주 사가 처방 사용하다 되다 경우 동 피하 주사 하루 이상 사용 금하다 군 발 두통 심하다 때 하루 오다 있다 처방 받다 약 진통제 알약 피하 주사 넣다 때 먹다 정도 갈다 진통제 한국 처방 가능 지 확인 필요 발작 안짝 찾아오다 시기 활용 도움 정도 되다 지금 수년 동안 심 두통 처방 받다 먹다 약 전 군 발 두통 처방 받다 먹다 약 기준 자칭 군 발 두통 단 경험 바탕 도움 되다 글 남기다 저다 세계 계시다 군 발 두통 환자 분 위하다 병원 의사 선생님 만나다 때 선생님 상기 처방 대하다 말씀드리다 받다 좋다 같다 그리다 안타깝다 마음 알다 길이 긷다 남기다,천명
은 관계 없다 일 어떻다 찌다 시 밧다 궁금하다 문의 드리다 걸다 그룹 출신 양 성병 걸리다 하다 양 발병 성병 의사 이상 관계 걸리다 있다 무섭다 성병 하다 양 경우 성 병이 골반 퍼지다 얼마 전 수술 끝내다 하다 이렇다 내 용의 찌다 시 이렇다 병 실제 있다,천명
천식 증상 있다 쓰다 참으다 없다 때 쓰다 되다 부작용 같다 있다,천명
원래 병원 안 가도 감기 걸리다 낫다 애초 감기 걸리다 정도 최근 감기 걸리다 이번 병원 가다 일주일 넘다 기침 멈추다 병원 가다 약 처방 받다 약 먹다 기침 멈추다 생각 안하 목 간지럽다 기침 하다 되다 가래 끼다 같다 기침 나오다 지금 때 쯤 어리다 때 천식 있다 유전 병이 도지다 천식 지금 뭐하다 하다 알리다,천명
안녕 하세 천식 하다 제가 쯤 천식 걸리다 그때 베다 토 보하다 사용 영국 병원 다니다 초등학교 학년 때 쯤 관리 잘하다 낫다 생활 지금 고등학생 체육 시간 남 숨 소리 크다 거리다 원래 폐활량 좋다 어지럽다 숨 딸리다 느낌 받다 하다 밤 주 전 자다 때 갈비뼈 목도 거리다 기침 해 들리다 하다 숨소리 나다 그리하다 운동 후 달리기 정상적 호흡 돋다 오 늘다 걸리다 심 보건 실 가다 하다 참고 전 빈맥 의심 진단 받다 빈맥 느낌 다르다 천식 재발 하다 하다 병원 가다 예전 전 정상 범주 진단 받다 가가 보다 하다 하다 ㄷ 가면 운동 후 위급 때 쓰다 베다 토 처방,천명
제가 숨쉬다 때 쌕쌕거리다 소리 들리다 호흡 까다 힘들다 하다 되다 그렇다 예전 천식 걸리다 있었다 낫다 지금 천식 재발 만약 천식 병원 가다 되다,천명
아프다 곳 없다 이틀 전 기침 나다 목 따갑다 정도 기침 계속 아침 일어나다 때다 목 아프다 눕다 목 가 걸리다 느낌 나다 레몬 티 마시다 보다 집안 환기 시키다 물 적시다 수건 널다 보다 하다 기침 사라지다 기침 때 가다 소리 나다 같다 하다 소리 하다 아다 제가 비염 증상 있다 하다 문제 있다,천명
환절기 기침 하다 작년 병원 가다 흉부 비강 엑스레이 찍다 폐 기능 검사 별다르다 이상 없다 알다 지가 심하다 작년 일주일 분 먹다 낫다 올해 지금 마르다 기침 달 정도 하다 약 먹다 나다 먹다 하다 대학 병원 가다 후 불고 기관지 확장제 흡입 후 부 폐 기능 검사 가 하다 작년 검사 하다 정상 수치 이상 차이 나다 천식 덜다 그다 폐 기능 나쁘다 알레르기 천식 보이다 약 처방 받다 달라지다 없다 계속 천식 수치 폐 기능 떨어지다 말 뜻 작년 괜찮다 천식 발병 있다 폐 기능 떨어지다 숨차다 그렇다 되다 지금 숨차다 숨 쉬다 이렇다 없다 숨소리 괜찮다 하다 기침 하다 그렇다 기침 때 가슴 울리다 하다 하다 있다 할머니 옛날 천식 돌아가다 얘기 듣다 기침 낫다 미치다 숨 차다 천식 의심 하다 걱정 그러다,천명
제가 오늘 토요일 기침 한지 주 어 원래 감기 목 붓다 기침 하다 늘다 집 근처 작 병원 진찰 받다 약 타다 약봉지 약 들어가다 나오다 제일심 기침약 빠지다 인지 기침 나다 제거 약 동안 먹다 기침 빼다 감기 낫다 같다 그러다 기침 구역질 낳다 정도 하다 기침 기침 하다 요 목 먼지 들어가다 괴롭히다 느낌 나다 기침 하다 되다 감기 재발 제가 비염 있다 자다 때 코 막히다 재 초기 눈물 나오다 수업 콧물 킁킁거리다 열 있다 같다 하다 없다 같다 해 증상 아다 그리다 가래 나오다 같다 몰르다 뱉다 삼키다 참고 참고하다,천명
점심때 코 막히다 얼굴 뜨겁다 운동장 돌다 집 오다 숨 입 크다 쉬다 쇳소리 나다 코 크다 숨쉬다 괜찮다 가슴 무겁다 숨쉬기 힘들다 운동 전쯤 하다 기침 나다,천명
안녕 이제 되다 여학생 태어나다 때 알레르기 있다 중 비염 미치다 요새 겨울 건조 건조 날씨 집 먼지 비 염 심하다 온도차 하다 코 막히다 목도 붓다 그리하다 선지 숨쉬기 힘들다 마른 기침 자주 웃다 숨 쉬다 놀라다 엄마 비염 있다 그렇다 열심 시다 아빠 담배 냄새 아빠 오시다 기침 나다 머리 아프다 어지럽다 결론 숨쉬기 힘들다 증상 로 천식 의심 있다 병원 가다 좋다 엄마 가다 같다 조언 구하다 내공 드리다,천명
어리다 비염 알레르기 비염 아니다 일 비염 과 냉 알레르기 달다 살다 여성 담배 연기 짙다 화장품 냄새 생선 비린내 어리다 싫다 정도 기침 하다 수준 이다 재작년 심하다 음식 냄새 생선 굽다 나오다 연기 담배 연기 화장품 향수 냄새 아무렇다 화장품 향수 있다 반응 숨 쉬다 힘들다 기침 나오다 생선 굽다 날 환풍기 틀다 현관문 창문 열다 노다 증세 심하다 느껴지다 목 가슴 막히다 기침 잦다 지금 늦다 밤 가슴 막히다 기침 나오다 잠 이루다 이렇다 글 적다 앉다 키보드 치다 와중 숨 차다 달리기 낳다 뒤 인터넷 증상 찾다 천식 증세 느낌 듣다 질문 올리다 비염 기침 하다 알다 비염 코 막히다 냄새 맡다 아니다 냄새 맡다 기침 나오다 전 마르다 체격 이다 다리 부종 생기다 몸 좋다 집 쉬다 동안 운동 멀리하다 되다 살이 찌다 살이 찌다 숨 차다 가보 하다 가깝다 가게 다녀오다 숨차다 멀다 거리 다녀오다 지치다 몸 힘들다 하다 운동 부족 그렇다 하다 헐다 천식 증세 해당 되다 제가 천식 병원 가기 전 글 문의 올리다 사실 병원 가기 두렵다 비염 냉 알레르기 치료 낫질 않다 병원 담 쌓다 지내다 오래다,천명
감기 걸리다 기침 심하다 하다 원 랜 안 그리하다 가래 속 고이다 소리 나다 밤 기침 심하다 잠 깨다 적도 있다 콧물 나다 눈물 흐르다 적도 있다 감기 안 걸리다 때 증상 없다 평소 차갑다 먹다 기침 있다 술 마시다 때 가슴 적도 있다 숨 원래 어리다 때 쉬다 어렵다 호흡증 그렇다 한번 없다 천식 맞다,천명
전 약간 감기 기운 기침 하다 감기 기운 하루 없다 반하다 기침 계속 기침 시작 후 동안 약 먹다 후 엑스레이 찍다 하다 뒤 약 지내다 마르다 기침 하다 사람 눈치 보이다 어떻다 하다 하다 모르다 말하다 기침 나다 말 제대 못 미치다 기침 참다 목구멍 하다 이상 소리 나다 무엇 까다,천명
고등학교 학년 때 맑다 콧물 지다 기침 잦아지다 콧물 건 비염 심하다 라 하다 천식 검사 해보다 요즘 크다 웃기 기침 하다 기도 좁다 느낌 들다 천명 음도 들리다 숨 재 쉬다 가래 생기다 천식,천명
마르다 기침 정도 심하다 토하다 하다 감기 증상 없다 가래 가래 나오다 담배 피 긴하다 하루 갑 정 그전 없다 최근 기침 심하다 체중 재 보다 모르다 결핵 증상 찾아보다 몰다 밥 먹다 이번 감기 마르다 기침 심하다 처음 이러다 결핵,천명
오늘 야자 느끼다 색색 꺼리다 천명 증상 있다 같다 느다 가래 있다 느껴지다 지금 숨 쉬다 그다 빨대 숨쉬다 느낌 이러다 이러다 경우 힘들다 저번 뒷산 정도 낮다 산 학교 등산 얼마 가지 숨 차다 폐 아프다 느낌 들다 기침 높다 산 간적 있다 올라가다 때 힘들다 정상 밑 내려오다 숨 크다 들이쉬다 폐가 아프다 느낌 있다 기침 그리하다 천식 맞다,천명
간난 아기 때 급성 천식 걸리다 치료 받다 괜찮다 뒤 감기 걸리다 천명 소리 들리다 달 전 늘다 감기 걸리다 하루 종일 기침 하다 저녁 심하다 가래 끼다 천명 소리 날다 기침 시작하다 주 정도 갈다 힘들다 병원 기관지염 하다 약도 먹다 항생제 주사 맞다 효과 없다 감기 낫다 이제 달 지나다 일전 목 가래 끼다 천명 소리 나다 미세 먼지 심하다 느다 하다 덥다 창문 하루 종일 열다 놓다 그러다 달 한번 이러다 미치다 병원 가다 되다 병원 가다 되다,천명
고 숨 쉬다 같다 가다 병원 가다 천식 하다 그러다 하다 뚜껑 열고 마시다 약 마시다 그렇다 편하다 모르다 가슴 근처 아프다 때 있다 고요 천식 천명 들리다 하다 전 리지 폐암 병원 엑스레이 찍다 보다 하다 별 이상은 없다다 하다 천명도 들리다 약도 크다 효능 없다 느낌 천식 맞다 담배 피다,천명
평소 먹다 약 레 타이트 천식 먹다 알약 정돈 데 평소 운동 안하다 일주일 한번 정도 하다 요즘 꽃가루 알 르 레 눈 씨 개지다 그렇다 콧물 나다 눈 빨개지다 시점 천명 들리다 숨쉬기 힘들다 늘다 효과 없다 응급실 다녀오다 지금 증상 어떻다 하다 하다,천명
치과 신경 차단 교 근 축소 술 메인 신경 차단 방식 받다 일주일 뒤 째이다 시술 전 근육 얼굴 월래 되다 돌아가다 신경 차단 교 근 축소 술 영구적 재발 글 보다 재발 기준 재발 증상 있다 재발 가능성 이후 가능 있다,천명
고 중 때 감기 듣다 기침 달 가다 중 넘어가다 때 같다 증상 기침 달 가다 이비인후과 가다 평생 없다 비염 알다 지성 기관지염 진단 받다 고 지금 간질 간질 기침 주다 같다 콧물 있다 기침 심하다 하다 숨 쉬다 기침 하다 눈물 흘리다 토하다 같다 숨 쉬다 생명 위협 느끼다 기침 쉬다 잠 자다 때 무언가 집중 때 나오다 학교 있다 때 하다 독서실 사람 밀다 끼치다 같다 비염 어리다 하나 없었다 평소 콧물 없다 비염 진단 받다 비염 약 같다 두서 작성 천식 달리기 잘하다 천명 없다 병원 가다 처방 받다 약도 먹다 차도 없다,천명
비염 잦다 비염 약 먹다 되다 생기다 부작용 졸리다 현상 어떻다 되다 휴지 비강 내 자극 비염 심하다,천명
턱관절 있다 심하다 전 기침 침 한약 물리치료 한약 스플 린트 해보다 없다 심 정도 아니다 낫다 사각 턱인 겸 교 근 축소 술 받으다 고민 있다 어떠다 신경외과 사가 교 근 필요 부 위기 경우 시술 대상자 없다다 글 보다 교 근 전문 병원 문의 감기 걸리 걸 이비인후과 가다 정형 외과 가다 맞다 치과 신경과 라 다르다 얘기 맞다 말 같다 하다 되다 알아보다 한군데 부 작용 터지다 사례 듣다 어떻다 하다 좋다 간질 환자 라 턱관절 통증 오다 두통 아프다 고통 내공 드리다,천명
얼마 전 안면 신경과 눈 주변 떨림이 심하다 신경과 방문 안면 검사 실시 습 니다 신경과 이상 없다 뇌하수체 정도 종양 확인 내분비 내과 진료 받다 검사 거치다 골다공증 치료 시작하다 질문 드리다 시신경 안면 통증 관계 없다다 하다 후 재검사 해보다 하다 스테로이드 남용 하다 작년 주사 알다 비염 약 처방 전부 검색 결과 상관없다 의인 전문 내분비 과 골다공증 치료 시작 선생님 해당 아니다 같다 종양 상관없다 같다 골다공증 치료 하다 다행 치료 시작 긍정적 희망적 친절 의료 서비스 상실 마음 조금 회복 안면 통증 왼쪽 눈 떨리다 시력 저하 신경과 안과 예약 되다 종양 관계 있다 내분비 검사 결과 값 봐주다 담당 선생님 답변 받다 지식인 선생님 답변 많다 도움 되다 선생님 고견 참고 하고자 선생님 질문 드리다 파일 첨부 참고 선생님 답변 부탁 드립 니다,천명
초반 턱 사각 해지다 마음 사각 턱 보톡스 달 전 맞다 부작용 찾아보다 없다 안심 맞다 없다 부작용 느다 모조 일어나다 같다 맞다 달 후 양쪽 광대 밑 살이 패이다 시작 병원 가보다 돌아오다 말 듣다 달 흐르다 살 치다 짐 까다 오다 같다 입 주변 눈 밑 살 패이다 같다 쳐지다 같다 검색 같다 증상 겪다 분 있다 극단적 넘다 돌아오다 있다 불안 살 치다 짐 돌아오다 사람 있다 나이 어리다 나이 비하다 지금 인상 좋다 늙다 느낌 이러다 알다 맞다 후회 돈 주고 사서 고생 시간 해결 요즘 신경 쓰이다 스트레스 받다 죽다 맘 도와주다,천명
신경 차단 중 주파 교 근 줄이다 시술 인하다 보다 처 짐 턱살 처 짐 오다 있다 초반 젊다 나이 노화 인하다 보다 처 짐 턱살 처 짐 오다 경우 가능,천명
제가 턱 근육 발달 아래턱 자라다 옆 턱 아래턱 맞추다 내려오다 턱 보다 학창 시절 작다 얼굴 선 턱 위 연결 자국 있다 중간 옆 빠지다 사각 턱 변하다 길다 얼굴 귀밑 사각 턱 사각 턱 눈 감다 얼굴 긷다 느낌 나다 반복 긷다 같다 광대 밑 누르다 입 벌리다 편하다 귀밑 누르다 입 벌리다 뼈 소리 나다 행위 반복 턱 보톡스 맞다 돌아오다 단순 턱 근육 턱뼈 자체 크다 느껴지다 있다 턱 근육 밀리다,천명
들숨 들이쉬다 때 가슴 느낌 들숨 원하다 들이마시다 기침 나오다 천식,천명
제가 수술 하다 되다 생존율 정도 시다 비오스 관 뚫다 되다 방법 위험 수술비 정도 나오다 병원 가다 지금 화순 전대 서울 삼성 병원 가다 되다 내공 급하다 도와주다,천명
제가 감기 달 낫다 계속 병원 처방 약 먹다 내과 아래 약 처방 받다 그리다 아래 약 처방 받다 먹다 낫다 이비인후과 오다 기다 을 처방 받다 하루 복용 설 사르다 하다 시작 어떠다 약 알다 있다,천명
남자 초등학교 때 고등학교 때 학급 임원 학생회 임원 나서다 하다 주목 받다 좋아하다 각종 발표 장기 자랑 학예회 학교 축제 참가 즐기다 주도적 리 넘치다 학창 시절 보내다 대학생 되다 클럽 나이트 같다 가다 단상 위 올라가다 띄우기 하다 굴다 시절 유격 조교 지원 가량 교육 생 앞 시범 통제 하다 정도 군중 압도 즐기다 전 되다 자리 발표 정도 어려워지다 사소 처음 교육 받다 되다 교육장 자기소개 하다 영어 회화 학원 의견 말하다 하다 면접관 앞 말하다 힘들다 힘들다 어려움 정도 자기소개 하다 때 차례 순서 오다 와중 극도 긴장 되다 화장실 차례 다녀오다 영어 회화 학원 의견 말하다 극도 긴장감 호흡 빨다 소변 마렵다 참다 자리 박차다 강사 교육생 당황 하다 정도 아이러니 시기 대형 마트 판매직 하다 단상 위 올라가다 지켜보다 와중 호객 활동 가벼운 이벤트 진행 가능 대형 마트 판매직 하다 호객 활동 이벤트 진행 하다 청중 앞 압도 기운 흡수 감정 돌아보다 학창 시절 중반 성향 남다 같다 생각 듣다 그러다 순간 제외 발표 앞두다 극도 긴장 호흡 맥박 요동치다 목 소리 작아지다 소변 마렵다 안달 나다 지금 새 곳 가다 자기소개 하다 치다 이전 경험 트라 우마 되다 공포 지금 다음주 면접 교육 자기소개 발표 앞두다 관련 사진 자료 보다 오다 같다 지치다 이렇다 되다 자존심 상하다 속상하다 걱정 되다 어떻다 하다 좋다 그리다 상태 전문가 의견 듣다 남기다,천명
아이 태어나다 후두 천명 진단 받다 병원 정 도 입원 황달 증세 있다 검사 하다 보다 위하다 정 도 금식 하다 촬영 검사 하다 이상은 없다다 습 입 빨다 튜브 우유 주입 튜브 주입 하다 때 정도 밖 빻다 몸무게 까다 지 빠지다 현재 정도 늘다 궁금하다 점 다음 같다 빨다 원인 숨 쉬 힘들다 일다 머다 리 문제 있다 뇌 목 촬영 결과 이상 없다다 하다 문제 발견 있다 하다 이상 없다 나중 이상 발견 있다 아이 입 빨다 우유 입 빨리다 빻다 나다 지 양 현재 주사기 주입 주입 하다 때 얼마 동안 간 들이다 주입 하다 하다 정도 걸리다 주입 하다 주입 토하다 같다 느리다 안되다 같다 그러다 우유 주사기 주입 때 웁다 아프다 주사기 우유 주입 때 위 자극 있다 우유 주입 문제 생각 우유 주입 때 안정 되다 우유 주입 순간 울다 관련성 지 않다 없다 입 빨다 있다 때 튜브 주입 하다 하다 하다 장기적 사용하다 때 감염 문제 제외 부작용 없다 어떠다 의사 선 생 위 식도 상처 내다 있다 입 빨다 잊다 먹다 하다 요 그렇다,천명
아이 태어나다 후두 천명 심하다 숨 소리 크다 들리다 목 밑 부분 가슴 심하다 들어가다 우유 먹다 튜브 주 입 새롭다 고민 생기다 이렇다 상담실 찾다 아다 병 소리 있다 좋다 생각 듣다 알아보다 입 빨다 힘 약하다 목 넘기다 힘들다 모르다 말다 입 빨다 힘 약하다 뇌성 마비 증상 일 수도 있다 뇌성 마비 알다 치료 좋다 하다 뇌성 마비 알아보다 있다 증상 알다 아이 병원 입원 동안 촬영 하다 때 이상 없다다 하다 보다 촬영 이상 발견 중증 경우 경증 경우 나타나다 하다 뇌성 마 비가 중증 경우 경증 경우 증상 정도 차이 있다 답변 부탁 드리다,천명
태어나다 약 정도 되다 남자 아기 엄마 후두 천명 인하다 먹 지 못하다 살이 출생 시 약 빠지다 사용 우유 먹이다 시작 조금 살이 찌다 현재 정도 되다 빼다 입 먹이다 하루 먹다 횟수 정도 먹다 양은 정도 몸무게 당 약 정도 먹다 하다 하다 양이 몸무게 유지 위하다 최소 평균 어떠다 때 먹다 때 있다 아기 월령 정도 이상 되다 하다 하다 모자랍 생각 태어나다 아프다 살이 빠지다 살이 찌다 시작 스다 달 정도 찌다 정상 같다 자기 월령 몸무게 가다 모자라다 발달 안되다 늦어지다 아니다 건강 상의 문제 발생 답변 부탁드리다,천명
아나필락시스 오다 식품 알레르기 차이 가요 증상 같다 두드러기 반응 나타나다 식품 알레르기 천명 청색증 쇼크 나타나다 아나필락시스,천명
안녕 전 후두 천명 고생 아기 상담 하다 엄마 저다 희다 지금 정도 되다 그동안 열 나다 아프다 몸무게 늘다 아다 현재 정도 되다 태어나다 때 잇다 먹다 까다 빻다 늘다 정도 되다 현재 약 정도 늘다 같다 아기 정도 목가 누기 하다 하다 듣다 목가 누기 월령 되다 하다 되다 몸무게 몸 크기 정도 되다 가능 건지 아이 목가 누기 하다 시도 같다 몸무게 늘다 가능 머리 곳 이상 있다 그러다 걱정 되다 그러다 답하다 감사 드리다,천명
성의 있다 답변 감사 드리다 후두 천명 질문 엄마 기 하다 모르다 궁금하다 점 있다 아이 태 어다 주먹 쥐다 펴다 주먹 손가락 더 강 잡다 뇌성 마비 일 가능성 있다 하다 달 정도 입원 때 촬영 하다 뇌성 마비 촬영 발견 어떻다 하다 알다 있다 질문 손톱 밑 보다 손톱 뿌리 부분 검다 보이다 도 하구 이유,천명
건강 검진 시 폐활량 검사 정상인 낮다 수치 나오다 반년 전쯤 터 숨쉬다 때 같다 소리 간헐적 느껴지다 병원 방문 천식 의심 약 처방 받다 천식 대표 증상 기침 없다 천식 환자 기침 증상 없다,천명
광주 상무 지구 살다 직장인 추석 때 연휴 기간 동안 광주 식 수술 받다 하다 알아보다 라 식 수술 방법 라 검색 광주 스마일 라 식도 있다 일반 라 식과 스마일 라 식 다르다 통증 회복 기간 추석 연휴 때 쉬다 회복 빠르다 수술 받다 광주 있다 라 식 수술 하다 안과 추천 부탁 드리다,천명
광주 대학 다니다 학생 기말 고사 끝나다 겨울 방학 때 광주 스마일 라 식 받으다 고민 요즘 주변 사람 수술 하다 들다 광주 스마일 라 식 받다 광주 있다 안과 스마일 라 식 받다 병원 선택 하다 광주 라 식 받다 기준 병원 선택 하다 고민 예 조건 되다 광주 스마일 라 식 받다 스마일 라 식이 예전 하다 라 식 라 수술 방법 비하다 점 좋다 설명,천명
광주 스마일 라 식 하다 알아보다 전부 알바 홍보 글말 없다 스마일 라 식 비싸다 광주 착하다 안과 있다 추천 부탁드리다 수술 시간 완치 걸리다 시간 수술 금액 검사 비 후 치료 비 알리다 감사 다음달 스마일 라 식 예정,천명
나이 몸무게 원래 비염 심하다 천식 끼 있었다 문제 안되다 작년 이때 근력 운동 유산소 단 한번 안 식사 조절 빼다 후 유지 중순 중순 넘다 찌다 현재 일다 집 천식 살찌다 그렇다 하다 병원 가다 때 천식 끼 있다 심하다 약 먹다 심 비 코트 자다 전 하다 현재 달 정도 치료 의사 선생님 서도 제가 혈압 높다 살 빼다 하다 운동 하다 야외 운동 하다 실내 근력 운동 하다 팔굽히다 펴다 어깨 운동 팔굽혀 펴다 아령 어깨 운동 약 분하다 하다 생각 안하다 하다 약 달 숨 차다 하루 종일 갈다 때 숨 쉬다 죽다 다음날 병원 가다 라이저 약 추가 처방 받다 먹다 낫다 고요 악순환 체중 감량 하다 실외 운동 안되다 실내 운동 하자 숨 차다 잠 자다 때 불편 원래 치료 전 하다 근력 운동 하다 숨 차다 회복 되다 지금 회복 안되다 오늘 아침 먹다 팔다 굽 아령 운동 하다 저번 심하다 지금 시간 지나다 회복 안되다 지금 치료 약 심 비 코트 습관성 되다 아니다 심 코 늘다 괜찮다 걸다 없다 병원 가다 하다 라이저 수증기 하다 숨 차도 계속 운동 하다 적응,천명
체력장 검사 후 호흡 곤란 증세 겪다 명지 병원 천식 진단 받다 어리다 때 세경 폐렴 알다 알레르기 소아 천식 앓다 지금 월요일 알레르기 검사 결과 기다리다 천식 치료 걸리다 또래 비하다 작다 편인 아이 신장 어떠하다 영향 미치다 걱정 되다 가르다 정밀 검사 결과 심장과 건강 기 양방 한방 치료 어떠하다 방법 좋다 결정 힘들다 기관지 확장제 사용 건강 상 이상 점 보이다 어떻다 하다 되다 런지 인터넷 상의 상담 후 방문 하다 하다 선생님 조언 부탁 드리다,천명
며칠 전 감기 걸리다 내과 방문 감기 걸리다 중이염 비염 고하다 헌데 이번 천식 고하다 약 먹다 없다 감기 걸리다 나타나다 현상 앞 어떻하다 하다 하다 궁금하다 어르다 고질병 하나 천식 같다 고민 답변 바라다,천명
대상 포진 항 바이러스 맥 시부 펜 알다 정 먹다 오늘 낮 먹다 약이 끝 나다 항 바이러스 연고 지금 시간 바르다 수포 벌다 짐 사그러지다 수포 크기 통증 심하다 수포 터지다 말라가 듯하다 딱지 변화 과정 같다 수포 통증 있다 대상 포진 허벅지 윗 오다 수포 근처 옆구리 근육통 통증 있다 쓰리다 아리다 느낌 있다 통증 잠 자다 덜다 전 괜찮다 가늘다 병원 전 일 약 추가 처방 총 일 항 바이러스 제 투약 이후 하다 없다다 하다 오늘 병원 가다 지금 두통 있다 속 울렁거리다 참으다 있다 정도 허벅지 통증 있다 병원 가다 치료 받다 맞다 통증 완전 사라지다 때 진통제 먹다 하다 대상 포진 겪다 지인 보다 모두 정도 약 먹다 통증 없다 경우 신경 치료 하다 하다 병원 가라다 큰일 하다 발병 정도 되다 지금 통증 있다 정상 신경 치료 하다 경우 참으다 없다 정도 대상 포진 발병 후 치료 되다 후 통증 있다 때 알다 대상 포진 초기 통증 신경 치료 하다 맞다 한가지 지금 처방 받다 약 먹다 없다 두통 있다 집 있다 이지 프로 약 먹다 하다 처방 받다 맥시 부 펜 알다 정과 같다 성분 맥시 부 펜 먹다 상관없다,천명
노 씬 약 동안 복용 부작용 있다 약 보통 이상 복용 있다,천명
전방 십자 인대 파열 반월 상연 골 파열 수술 하다 수술 후 동안 입원 집 요양 중 수술 부위 부 오르다 열 나다 발가락 움직이다 통증 느끼다 수술 병원 내원 이상 없다다 염 진통제 한대 맞다 집 오다 하루 이틀 지나다 심하다 아프다 통증 병원 내원 염증 생기다 같다 간단 항생제 한대 맞다 자다 일어나다 발목 부 완전 코끼리 다리 되다 가 이상 하단 생각 듣다 병원 가다 입원 경과 지켜보다 하다 겁 니다 금 토 일 아침 저녁 항생제 개 링거 병 꽂다 변화 없다 급하다 엠 알 찍다 보다 덜다 수술 부위 염증 심하다 같다 무릎 피 뽑다 붉다 누렇다 색 띄다 당장 수술 하다 하다 고정 핀 제거 관절 물 세척 하자 번하다 염증 잡히다 다행 안되다 하다 되다 염증 치료 되다 십자 타가 넣다 빼내다 처음 수술 하다 미치다 일 있다 울음 나다 시간 강 당장 수술 하다 어쩧다 수술 하다 수술 부위 노랗다 곪다 긁어내다 괜찮다 그러다 병상 입원 주 되다 때 기분 나쁘다 그때 통증 자리 아프다 시작 병원 관절 침범 전 하다 하다 첨 수술 잘못 하다 잘되다 퇴원 내가 관리 그러다 그렇다 수술 후 움직이다 눕다 있다 이렇다 하다 수술 잘되다 생각 감염 되다 같다 천 명의 룰 걸리다 같다 미치다 나다 병원 일초 있다 싫다 병원 갈다 생각 맞다 시간 싸움 번지다 전 수술 되다 같다 급 병원 감염 환자 꺼리다 대학 병원 급하다 병원 옮기다 입원 피검사 보다 검사 하다 골수염 판정 받다 전 대학 병원 옮기다 후 항생제 바꾸다 수술 하다 골수염 최소 동안 항생제 투여 하다 하다 항생제 맞다 골수염 무섭다 스트레스 받다 달 눕다 있다 달 후 피검사 결과 나쁘다 상황 없다 하다 퇴원 후 먹다 항생제 잇다 가다 먹다 항생제 투약 안정 달 먹다 지금 약도 끊다 일상생활 잘하다 수술 병원 잘하다 잘하다 하다 새 완쾌 손놓다 시시비비 따다 질려 의학 상식 부족 대응 되다 모르다 이렇다 글 남기다 수술 감염 하다 말씀 녹취록 있다 병원 하자 데로 있었다 지금 다리 어떻다 되다 생각 하다 법률 의학 변호사 들다 여쭈다 보다,천명
천명 생기다 하다 하다 색색거리다 천식 있다 가라앉히다 없다,천명
제가 사람 많다 버스 지하철 타다 술 마시다 때 자다 전 자다 도중 숨 막히다 폐가 작 바늘구멍 숨쉬다 천명 증세 잇다 이비인후과 가다 깨 베다 토 보하다 내과 가다 때 천식 증세 까다 폐호흡 문제없다 자다 전 심 비 코트 터부 헤다 하다 호 기 내과 찾아가다 증세 말씀 드리다 베다 토 보하다 바 엘 립 타 처방 현재 바 엘 립 심 비 코트 사용 안 베다 토 보하다 하루 정도 사용 잇다 마음 호흡기 치료 횟수 조절 중단 안되다 보다 걱정 되다 올리다 오 히 안 쓰다 좋다 같다 중독 판단 중단 하다 줄이다 자다 전 심 비토 트다 바 엘 립 타 쓰다 좋다 비염 심하다 비염 치료 보조제 코 적외선 쏘다 사용 자다 때 힘들다 죽다,천명
오늘 종합 병원 자궁 정기 검진 가다 오른쪽 난소 혹 생기다 하다 전 검사 일은 전 난소 깨끗하다 말씀하다 약간 쇼크 상태 기억 나다 그렇다 크다 같다 나이 출산 안 하구 생리통 없다 별다르다 불편 점 없다 암 수치 보다 피검사 하다 피검사 건 난소 혹 생기다 암 일지 모르다 피검사 하다 경우 암 확률 프로 정도 되다 천명 만명 알리다 감사,천명
달 오빠 젊다 나이 뇌출혈 입원 하다 숨골 가다 손상 되다 달 동안 중환자실 의식 있다 수술 부위 아니다 약물 치료 의사 선생님 천명 있다 식물 인간 되다 대부분 사망 하다 나이 젊다 지나다 지금 기억 하다 오른쪽 팔다리 움직이다 삼키다 안되다 목 구멍 뚫다 가래 빼다 코 줄 밥 먹다 입 먹다 연습 하다 사고 나다 간 재활 치료 중요 하다 알아보다 대학 병원 입원 달 기다리다 치료 달 긷다 달 정도 받다 이렇다 돌아다니다 치료 받다 좋다 작다 병원 한곳 치료 받다 좋다 어머니 간병 보시다 병원 알아보다 다니다 병원 옮기다 현재 분당 재생 병원 일주일 병원 알아보다 다니다 하다 달 뒤 하다 아시 분 좋다 재활 병원 추천 하다 주세 직장 부산 공항 근처 좋다 가족 일 병원 관계자 홍보 글 주다,천명
오래전 알다 없다 근육 통증 고관절 부위 종아리 앞 근육 측두근 을 앓다 전 모 대학 병원 처방 받다 울트라 셋 정 복용 통증 감소 효과 전 처방 받다 약 꾀다 그러다 약 모르다 최근 위경련 역류 구토 하다 전 피 진하다 갈색 토 하다 역류 어제 늘다 소 변색 진하다 붉은빛 띄다 나오다 친 않다 혈뇨 인건 같다 지금 그제 위쪽 통증 있다 일어나다 증상 질환 의심 있다 알다,천명
아이 태어나다 태어나다 폐 펴지다 산소 호흡 치료 받다 조리 원 나오다 낳다 뒤 하다 기관지 확장제 코 감기 나중 항생제 추가 달 넘다 먹다 호전 안되다 약 중단 하다 아기 해 크다 병원 가다 하다,천명
동네 의원 다니다 감기 생각 하다 병원 천식 축농증 항생제 약 주다 보다 동생 걸리다 감기 보다 코 힘 있다 그리다 기침 하다 가래 나오다 뱉다 콧물 나오다 천식 일가 축농증 일반 감기 보다 안되다 어떻다 하다 하다 가요,천명
최근 아이 감기 걸리다 기침 심하다 하다 천식 아니다 걱정 천식 질병 소아 천식 성인 천식 어떻다 다르다 마포 초등학생 남 소아 천식,천명
이제 돌이 지나다 아이 엄마 크다 갈다 보다 엄마 딸 시작하다 아푸다 모세 기관지염 병원 차 레 입 퇴원 반복 최근 모세 기관지염 축농증 알레르기 비염 병원 통원 치료 달 하다 모세 기관지염 천명 들리다 구토 하다 코 사진 찍다 양쪽 축농증 고름 나오다 호전 지금 알레르기 비염 끝 임 항생제 치료 낳다 아프다 찬바람 쐬다 재발 정말 하루 하루 힘들다 현재 병원 호전 되다 상태 알레르기 비염 하다 재채기 헛기침 하다 코 비비다 그렇다 근본 적인 치료 하다 되다 같다 한 의원 문의 드리다 의원 치료 치료 하다 하다 아이 다르다 한약 먹다 경우 보름치 달 먹다 한약 먹다 같다 일 분량 짓다 한의원 치료 이루다 알다 비 염 완치 없다다 하다 장기적 치료 필요 듣다 같다 아 하다 현재 차 듣다 갈다 아이 이구 때 모세 기관지염 병원 입원 입원 후 퇴원 통원 치료 재발 입원 때 고열 동네 병원 가다 당뇨 검사 소변 찍다 색깔 응보 소변 검사 요로 감염 의심 입원 배양 검사 후 요로 감염 정도 입원 후 퇴원 그때 병원 감기 옮다 거리다 동네 병원 주 내원 점 점심 해지다 이때 쯤 병원 내원 폐 사진 목 사진 코 사진 찍다 모세 기관지염 축농증 진단 중이염 있다 아구창 있다 입원 하다 하다 병실 없다 통원 치료 점 점호 전이 되다 가량 걸리다 목 뒤 넘다 갈다 코 있다 이르다 아침 기침 재채기 비비다 행동 하다 이 증상 걸리다 알레르기 비염 하다 현재 병원 고열 천명 동반 재채기 기침 약 먹다 정도 지켜보다 하다 아기 미열 정도 있음 딸 아프다 이력 기억나다 적다 끊임없다 약 전쟁 치루다 끊임없다 항생제 이래 되다 정 도로 약 먹다 외출 하다 말 기침 횟수 늘다 주위 환경 히 하다 하다 아기 케어 힘들다 아기 면역력 약하다 이기다 힘 부족 근본 적인 치료 필요 이 한의원 문 두드리다 딸 어떡 게 치료 하다 하다 한약 먹다 기간 약재 포함 되다 한약 먹다 알다 하루 포 기준 먹이다 궁금하다 얼마 시간 필요 아다,천명
광주 살다 직장인 근무 렌즈 착용 요즘 건조증 힘들다 렌즈 불편 라 식 수술 받다 검색 많다 결정 힘들다 쓰다 다음달 연휴 때 라 식 수술 받다 주변 동생 검색 요즘 스마일 라 식 받다 검색 다 수술 건수 많다 경력 많다 이렇다 자기 안과 최고 하다 스마일 라 식 잘하다 안과 선택 중요 생각 되다 무엇 까다 눈 걱정 되다 광주 스마일 라 식 잘하다 안과 추천 부탁드리다 용,천명
콧물 나다 열 나다 진 않다 코 소리 나다 병원 가보다 어머님 천식 앓다 있다 상관 없다 한번 기침 하다 해 되다 걱정 서 교대 역 영아 여 감기,천명
달 넘다 기침 하다 안녕하다 여고 중요 시험 앞두다 공부 기침 나오다 걱정 기침 나오다 원래 목 감기다 나아지다 코 감기 넘어가다 목감기 때 병원 한번 가다 코 감기 때 한번 병원 가다 나아지다 다행 학교 오후 괜찮다 뒤 기침 심하다 물 마시다 순간 괜찮다 시간 지나다 심하다 집 오다 기침 그러다 자다 전 기침 심하다 몸 열 나다 그리하다 병원 가다 나아지다 가다 한약 홍삼 생강 대추차 유자 차다 먹다 나아 지질 않다 목 하다 기침 나오다 같다 애 폐렴 하다 정 도로 애 낫다 반 기침 지금 목 코 문제 없다 기침 하다 어쩌다 감기 아니다 까다 기침 원인 며칠 뒤 시험 그전 낫다 최대한 나아지다 알다 기침 원인 기침 좋다 음식 감기 시간 따르다 기침 강도 달라지다 관련 있다,천명
동생 감기 걸리다 잠 오다 때 병원 처방 조제 감기약 복용 전 불면증 고생 신경 안정제 수면제 처방 받다 먹다 자다 요즘 먹다 하다 조 제한 감기약 잠 자다 위하다 복용 부작용 발생 같다 알려주다 감사,천명
아이 천식 고생 어떠다 치료 방법 있다,천명
안녕 하세 되다 아들 두다 달 전 옷 입다 하다 이렇다 문의 드다 처음 놀다 울다 옷 벗다 하다 벗기다 벗기다 때 울다 아프다 아파하다 말 못하다 간지럽다 말 간지럽다 말 아프다 모르다 옷 벗기다 웃다 놀다 후 놀다 때 입히다 입다 저녁 잠 오다 때 되다 벗 어다 때 입다 자구 처음 저녁 반복 밖 나가다 때다 옷 입다 요즘 두다 주전 심하다 며칠 전 밖 나가다 때 입다 하다 울다 입히다 스다 한참 울다 울음 거치다 후론 집 오다 때 집 옷 입다 놀다 때 입히다 후 벗다 해 울다 울다 쌔다 울다 기도 하다 욕 하다 매매 해보다 해보다 옷 벗기다 방법 밖 되다 피부 증상 없다 집안 온도 정 도구 어리다 때 차다 하다 인지 추위 안타 같다 크다 아프다 감기 하다 키 무게 약하다 길다 해 땀 날다 편이 예 울다 땀 한참 울다 나다 머리 올해 여름 기름 끼 있다 이쁘다 여름 덥다 밀어주다 후론 머리 가다 서다 우유 입 되다 와다 모 하다 인지 우유 안 먹다 인지 계란 하루 정도 먹이다 먹다 음식 먹다 같다 맵다 먹다 어떠다 듣다 머리 보고 한약 먹이다 보라 하다 이러다 때다 한약 먹이다 만약 한약 먹이다 하다 애 먹다 가요 아들 약 먹이다 힘들다 토 뱉어내다 때 많다 먹이다 있다 가요,천명
콧대 정도 콧대 이제 정도 높다 같다 패션모델 지원 사진 정도 보내다 천명 나다 그러다 연기 춤 가르치다 서울 가야 하다 포기 정도 얼굴,천명
아버지 하다 작업 곳 이전 하다 되다 신나 냄새 페인트 냄새 심하다 고요 위 같다 냄새 건강 많다 영향 미치다 걱정 되다 좋다 어떻다 좋다 건강 지키다 방법 없다 문의 드리다,천명
이 태어나다 되다 남자 아이 일다 다니다 동네 소아과 이르다 천식 진단 받다 쌕쌕거리다 소리 반복 들리다 선생님 천식 하다 기관지 좋다 한약 있다 하다 아이 어리다 먹이다 지 궁금하다 아다 님 집 하다 있다 방법 없다,천명
원래 환절기 되다 가을 겨울 동안 고생 그리하다 심하다 작년 가을 감기 후 기침 심해 이비인후과 내과 진료 받다 알레르기 천식 진단 받다 지금 병원 처방 흡입제 내복약 복용 기침 많다 찬바람 쐬다 기침 심하다 좋아지다 같다 한방 알레르기 천식 치료 하나,천명
천식 아니다 하다 가래 달다 살다 같다 뱉으다 하다 삼키다 하다 삼키다 지지 목 있다 목 가슴 막히다 같다 가래 섞이다 기침 잔기침 자주 건조 곳 밀폐 공간 있다 이러하다 증상 심 해지다 숨 깊다 들이마시다 호흡 하다 다르다 사람 증상 보다 목 아니다 가슴 거리다 소리 나다 정도 까다 진 약 이상 바람 맞다 때 달리기 소리 나다 천식 맞다 질병,쌕쌕소리
안녕 하세 요즘 신종 때문 제가 고위 인가 대하다 여쭈다 예전 기억 천식 판정 받다 같다 평소 생활 기침 숨 차다 소리 나다 그러다 없다 그러다 축구 시간 이상 뛰다 소리 나다 숨 차다 힘들다 그러다 제가 알레르기 비염 잇다 축구 때 코 숨 쉬다 버릇 있다 숨 차다 천식 그러다 전지 몰르다 질문 드리다 알레르기 비염 고위 군 대하다 여쭈다,쌕쌕소리
안녕 어머니 천식 오랫동안 앓다 질문 드다 어머니 기흉 수술 받다 후 몸 관리 하다 천식 오시다 인터넷 조사 도움 되다 정보 없다 지식인 질문 드리다 우선 증상 설명 숨쉬다 때 공기 빠지다 소리 소리 나다 감기 들다 가래 끓다 소리 두통 심하다 주무시다 때 한쪽 돋다 눕다 불편 해하다 점 목 소리 나다 힘들다 현재 근처 병원 천식약 조제 받다 복용 중이 시다 레 타이드 같다 정확 약명 모르다 제가 말씀 들이다 있다 좋다 치료 방법 없다 알다 증상 약하다 호전 방법 가리치다 부탁 드리다 지금 읽다 감사 부탁 드리다,쌕쌕소리
지난해 어머님 마르다 기침 심하다 시작하다 숨 소리 듣다 어머님 목 천식 있다 분 목 소리나다 소리 납 니다 기침 심하다 정도 하다 조그맣다 움직이다 일 숨 차다 불편 하다 방 있다 날씨 춥다 찬바람 불다 냄새 맡다 집안 일 하다 위하다 움 직 여 기침 심하다 하다 목 가래 나오다 가래 끄다 치 어머님 연세 동네 이비인후과 가다 병 따르다 틀리다 고치다 차도 보험 공단 나오다 무료 건강 검진 계속 받다 검진 소견 에다 흉부 엑스레이 찍다 이상 없다 하다 동네 가정의 학과 약 타다 오다 드시다 먹다 약간 차도 있다 같다 어머님 과거 약 전 폐병 앓다 있다 지금 완치 되다 병 하다 연관 있다 한가지 질문 오른쪽 귀 이명 있다 하다 폭포 흐르다 소리 같다 전 귀 소리 나다 오른쪽 귀 나다 소리 양쪽 귀가 들리다 오른쪽 귀 막히다 소리 왼쪽 귀 가다 오른쪽 귀도 뚫리다 정상적 소리 들리다 그러다 오른쪽 왼쪽 초간 가다 정상적 양귀 들리다 들리다 어지럼증 신경과 다니다 신경과 가기 전 어지럼증 이비인후과 검사 받다 내과 가보다 안과 가보 지금 과거 나아지다 어지럼 증 치료 어지럼 증 생기다 처음 양쪽 머리 조이다 아프다 어지럽다 때 온몸 기운 하나 목 힘 없다 말 하다 힘들다 술 취하다 사람 구름 위 걸다 사람 발 허공 놀다 비척거리다 귀하다 연관 있다 하다 문의 드리다 그러다 두서 없다 질문 드리다 바쁘다 시간 뺏다 고요 답변 부탁 드리다,쌕쌕소리
전 기침 시작하다 작년 맘 때다 달 밤 심하다 기침 하다 때 새벽 기침 심하다 하다 하다 쇳소리 같다 나다 소리 나다 숨 쉬다 힘들다 막히다 감기 안다 살다 감기 알다 감기 걸리다 덜다 기침 다르다 약간 가래 나오다 지나다 겨울 횟수 늘다 올봄 낮 기침 하다 감기 기운 있다 씨 ㄴ 심하다 구 먼지 불다 날 옷장 정리 먼지 날리다 때 기침 시작하다 전 피 검사 하면서 알다 지르다 일으키다 성분 있다 말 듣다 시약 만지다 사람 비하다 반응 하다 위장 병이 있다 그렇다 살 찌다 면역성 약하다 감기 감염 질환 걸리다 지금 기침 견디다 힘들다 요즘 기침 하다 하다 어떻다 치료 받다 하다 치료 되다 화학 조미료 패스트푸드 모두 안 먹다 호흡기 내과 진료 예약 해 놓다 약 시간 되다 기침 안하다 병원 가야 되다 되다 모르다 어떻다 하다 되다 알리다 주세,쌕쌕소리
안녕 감기 걸리다 사람 기침 년 달다 살다 지금 음 중 학교 때 같다 처음 병원 다니다 낫다 같다 이비인후과 옮기다 같다 기침 고치다 손 노다 담배 모르다 감기 쉽다 몸 노출 되다 알다 기침 기관지 상관 있다 하다 기관지 검사 해보다 하다 폐렴 천식 검사 해보다 하다 전 폐 엑스레이 찍다 이상 없다다 나오다 기억 남다 약국 가다 선생님 선생님 기침 계속 하다 묻다 그리하다 선생님 느다 천식 같다 하다 기억 나다 천식 숨쉬다 때 소리나다 천식 이렇다 지금 감기 걸리다 기침 하다 가래 콧물 동반 이전 기침 하다 코감기 오다 같다 목소리 변하다 보다 기침 심하다 목도 아프다 같다 가래 늘다 피 나오다 목 생채기 생기다 아다 담배 피우다 괜찮다 안 피다 미치다 같다 기침 살다 그렇다 심 걱정 안되다 제가 이상 이렇다,쌕쌕소리
현재 딸 아이 엄마 가정주부 전 큰아이 임신 막달 감기 심하다 걸리다 당시 기침 심하다 잠 자다 정도 노 가래 뭉치다 덩어리지다 나오다 막달 아이 약 먹다 안 좋다 같다 방치 넘기다 아이 낳다 뒤 밖 나가다 오다 찬바람 밤 기침 시달리다 잠 자다 대학 병원 호흡기 내과 스다 폐 사진 찍다 이것저것 검사 별 이상 없다다 하다 넘어가다 작년 인가 밖 찬바람 쐬다 기침 목 천명 음 소리 나다 기침 몰다 하구 그러다 진정 별 불편 생활 인터넷 뒤지다 이렇다 증상 천식 가깝다 전 동네 정의 학과 스다 천식 검사 하다 입 부다 있다 한가지 선 천식 판정 청진기 선 천식 소리 현재 선 안 낳다 구하다 기관지 유발 검사도 안 하구 입 부다 폐활량 가지다 선도 천식 진단 가능 가요 천식 진단 중요 하다 한번 정리 여쭈다 천식 진단 폐활량 측정 질다 가능 가요 천식 전문 병원 알레르기 내과 가다 정확 진단 약 복용 감기 달 정도 걸리다 천식 감기 열흘 걸리다 상태 병원 가래약 기관지 확장제 천식약 복용 천식 조절제 입 흡입 거주 가래 목 주변 들러붙다 덜다 지지 항생제 열흘 약 처방 받다 먹다 믿음 가다 약 내성 키우다 같다,쌕쌕소리
안녕 하세 제가 한쪽 코 막히다 머리 띵하다 같다 아침 일어나다 가래 끼다 병원 가보다 하다 일반 이비인후과 바 축농증 비염 있다 확인 있다 아니다 검진 하다 되다 이렇다 오래되다 무디다 그러다 크다 불편 느끼다 살다 몸 대하다 말씀드리다 어리다 때 아토피 있다 어리다 때 긁다 피 나다 그리하다 지금 피부 불편 점 없다 새벽 차다 바람 불고 숨쉬다 때 소리나다 경우 컨디션 좋다 환경 좋다 때 있다 그다 어쩌다 때 아토피 천식 병원 치료 받다 없다 한의원 받다 지금 증상 오래되다 크다 크다 조금 컨디션 좋다 눈 시리다 불편 이렇다 들이다 축농증 비염 그렇다 하다 생각 듣다 병원 가보다 하다 동네 병원 가다 축농증 비염 이 맞다 알다 있다,쌕쌕소리
안녕 다르다 한 전 스트레칭 하다 몸통 돌리다 몸 같다 소리 들다 크다 병 하다 걱정 되다 스다 질문 드리다 되다 그리다 숨 쉬다 몸 돌리다 바람 소리 같다 의사 선생님 답변 부탁드리다,쌕쌕소리
안녕 운동 유발 천식 때 매 질문 드리다 처음 천식 증세 온건 초등학교 학년 무엇 몰르다 방치 오다 같다 달리기 목 소리 납 니다 초등학교 학년 때 지금 병원 다니다 입원 고 하다 적도 있다 숨 가쁘다 흉부 압박 심하다 정도 폐렴 앓다 적도 잇다 천식 때 들이다 마실 때다 정도 죽다 거려 제가 사다 곳 촌 신검 받다 때 동네 작 병원 어다 적부 터 천식 때 매 가다 병 사용 진단서 때 갓 슬다 그렇다 인정 급 천식 천식 체중 미달 급 슬다 검 받다 라면 병무청 지정 병원 가라다 가보다 전 비용 하다 목 뿌리다 약 있다 하다 아이다 스프레이 식 흡입 정도 심하다 덜다 군대 스다 생활 힘들다 같다 달리기 하다 외 훈련 달리기 천식 와요 군대 가기 싫다 그러다 아니다 천식 없다 당장 지원 가다 꺼 문제 비용 비싸다 집이 형편 좋다 증상 보다 때 운동성 천식 이 맞다 같다 맞다 검 급 나오다,쌕쌕소리
어리다 살인 지금 아토피 알레르기 질환 앓다 일상 생활 어렵다 정도 좋아지다 나빠지다 반복 상황 올 봄 아토피 평소 심하다 밤 숨 차다 소리 나다 며칠 후 증상 사라지다 하다 몰르다 호흡기 내과 찾다 중 학교 학년 천식 정도 입원 있다 병원 검사 하다 후 천식 생기다 하다 달 약 짓다 가렵다 아토피 참다 스테로이드 약 먹다 무지 노력 아침 저녁 천식 약과 흡입제 스테로 성분 포함 먹다 속이 상하다 오늘 병원 가다 달 약 주다 먹다 하다 하다 달 어림없다 달 정도 약 먹다 완전 나아지다 검사 결과 나오다 약 복용 멈추다 하다 제가 알다 아토피 천식 완치 없다 그때 그때 증상 다스리다 알다 이렇다 약 먹다 맞다 며칠 소리 나다 뒤 증상 없다 병원 진찰 받다 약 먹다 전 말 그러다 약 증상만 이렇다 장기간 치료 받다 하다 계속 치료 받다 하다 병원 찾아보다 하다 고민 의사 선생님 도움 말씀 부탁 드리다,쌕쌕소리
한번 있다 증상 몸 피곤 낮 저녁 잠 자다 하다 기침 나오다 처음 목 구멍 간질거리다 별거 아니다 기침 하다 시간 지나다 심하다 나중 숨쉬다 싫다 질정 도로 기침 끊이다 나오다 목구멍 막히다 새 액 새 액 소리 나다 기침 보다 기침 하다 때 눈앞 불 하다 안구 혈관 전체 번갯불 같다 빛 발하다 보이다 눈물 나다 힘들다 숨쉬기 싫다 정도 아프다 병원 찾다 약 먹다 습관 듣다 않다 감기 같다 앓다 낫다 하다 넘기다 위 말하다 그렇다 기침 심하다 나오다 참다 참다 참으다 정도 병원 가보다 참으다 참으다 인지 병원 가다 때쯤 증상 가라앉다 웃기다 건 내가 병원 가다 의사 거들떠보다 청진 기라 대보다 맥박 재 보다 열 재 보다 하다 안하다 입 벌리다 보다 처방전 쓰다 주고 끝 어떻다 대하다 질문 같다 없다 의사 보다 내가 안 아프다 보이다 다치다 가부 다하다 넘어가다 성격 남 호들갑 떨다 난리 치다 성격 그렇다 모르다 예전 작업 하다 그라인더 손가락 살점 떨어지다 나간 있다 병원 가다 소독 하다 그러다 참다 아프다 암말 소독 때 입다물다 남 그러다 때 비명 지르다 그러다 상처 낳다 소독 꿰매다 아프다 비명 지르다 되다 질다 문 들어가다 질다 문 숨쉬다 싫다 정도 심하다 기침 하다 이유 술 담배 하다 일하다 곳 작업 환경 최악 스프레이 분진 연마 작업 인하다 분진 유리 섬유 취급 합성수지 신나 유기 과산화물 취급 용접 작업 따르다 가스 흡입 심하다 소음 극도 체력 소모 요구 하다 작업 환경 노출 이렇다 들이다 치다 연관 있다 질다 문 의사 아프다 생각 걸다 생기다 생기다 아프다 하다 건강 보험 처리 그러다 발 사람 아프다 병원 가다 혈압 재주 시고 청진 기라 한번 안 아프다 아프다 지에 대 질문 심리적 문제 있다 정신과 상담 권하다 의사 보다 다르다 의사 병 원인 바이러스 돌리다 바이러스 변 종이 생기다 백신 같다 만들다 없다 항생제 같다 쓰다 내성 생기다 좋다 말 반복 질다 문 질문 관련 어떻다 하다 의사 보다 아프다 보이다 아프다 보이다 치료 마음 생기다 하다 어떻다 하다 하다 보다 환자 심 각하 최선 다하다 치료 임하다 이렇다 마음 들다 하다 있다 방법 없다 런지,쌕쌕소리
기침 하다 때 가슴 목 아프다 하품 하다 목 잡다 당기다 아프다 가슴 숨 시기 곤란 해 소리 나다 같다 학교 가다 안되다,쌕쌕소리
올리다 되다 의견 부탁드리다 기침 한지 달 조금 안 같다 감기다 하다 참다 하다 감기 치다 기침 심하다 하다 호흡 곤란 병원 찾다 별 효과 없다 크다 병원 가다 폐 사진 찍다 가래침 가지다 드리다 폐결핵 이상 소견 없다 약 처방 받다 강 약 기침 안하다 약 먹다 시간 되다 하다 나아지다 생각 약발 기침 막다 느낌 듣다 약 먹다 기침 하다 증상 말하다 계속 시간대 일정 하다 가래 없다 가래 나오다 기침 하다 숨 쉬다 정도 숨쉬다 때 소리 나다 목 쉬다 크다 숨 들이마시다 때 소리 나다 나오다 때 기침 하다 힘들다 숨 나오다 그러다 시간 지나다 멈추다 눕다 자다 때 심 알다 있다 안하다 코 막히다 있다 코 풀다 기관지 해지다 느낌 있다 기침 순간 멈추다 있다 천식 아니다 무엇 의사 이상 소견 없다다 기침 멈추다 약 주다 나아지다 사람 돌다 돌팔이 의사 때 심하다 눕다 증상 보다 그러다 알다 주세 도와주다,쌕쌕소리
약 전 폐결핵 앓다 피 토하다 입원 달 반 가량 치료 하다 통원 치료 약물 치료 하다 후 조금 걷다 숨 차다 지하철 계단 오르다 숨 차고 폐가 아프다 황사 때 가래 기침 끊이다 날씨 변하다 그러하다 감기 걸리다 폐 죽다 아프다 요번 검사 하다 결과 엑스레이 하얗다 색 보이다 의사 선생님 말씀 결핵 앓다 정도 르 남다 폐 기능 검사 하다 떨어지다 숨 차다 같다 청진 하다 하다 소리 들리다 하다 크다 숨 쉬다 왼쪽 눕다 자다 소리 들리다 현재 입영 준비 이렇다 경우 신체 등급 급 나오다,쌕쌕소리
작년 여름 전 정도 발작 기침 나오다 주 그러다 병원 찾다 가보다 환절기 그러다 있다 그러다 청진기 폐 검사 하다 이상은 없다다 하다 약 주다 먹다 낳다 없다 심하다 같다 달리기 전 힘 들다 같다 인진 모르다 목 아래 가슴 정도 가 막히다 느낌 들다 병원 천식 일수 있다 크다 병원 가다 검사 받다 고하다 크다 병원 가다 검사 받다 심전도 검사 폐 기능 검사 엑스레이 늘다 이상 없다다 하다 그러다 천식 같다 하다 약 천식 환자 먹다 약 주다 먹다 낳다 크다 병원 가다 뛰다 하다 검사 크다 병원 같다 말 안해 주고 화 나다 약 먹다 하다 제대 먹지 안다 그로 지내다 발 작 나오다 기침 없다 뛰다 그러다 느낌 있다 괜찮다 전 현상 나오다 걷다 오다 크다 숨쉬다 때 이상 소리 나다 소 설명 천식 환자 거리 소 덜다 그다 아니다 같다 그러다 소리 뛰다 걷다 그리하다 집 학교 갈다 때 산 가다 쪼다 힘들다 학교 가면 숨쉬다 때 소리 나다 학교 집 가다 그러다 산 힘들다 그렇다 생각 집 정도 되다 곳 가다 그러다 요즘 걱정 답변 부탁드리다,쌕쌕소리
중학생 병 앓다 지 정도 되다 천식 숨 시다 호흡 가쁘다 있다 참으다 있다 약 전 가슴 가운데 가래 붙다 느낌 견디다 없다 어머니 천식 좋다 음식 먹다 슬다 배 즙 달 무 즙 달 모과 차 달 소용 없다 설 명이 어렵다 최대한 가깝다 말씀드리다 가슴 목 가래 차서 느낌 그다 그다 소리 내서 사람 방해 되다 밤 자다 때 심하다 숨소리 잠 이루다 미치다 가래 덩어리 뭉치다 느낌 절망 싫다 이상 목 가래 없다 가슴 기관지 가래 들러붙다 같다 밤 애 자다 때 목 가래 뱉다 하얀색 자다 일어나다 후 목 풀리다 뱉으다 노란색 가래 나오다 수업 시간 가래 나오다 뱉으다 없다 뱉다 심하다 떄 문 수업 집중 시험 떄 마찬가지 성적 떨어지다 산소공급 안되다 선지 암기력 좋아지다 과 순환기 가보다 선 천식 비염 충 농 증 말하다 그다 모이다 합병증 하다 어떻다 하다 좋다 마지막 병 천식 폐렴 알다 없다 도와 주 주다 감사 내공 드리다,쌕쌕소리
전 어리다 때 당시 기억 이비인후과 살다 같다 당시 난 감기 걸리다 생각 크다 알다 알레르기 비염 먼지 많다 곳 덜다 구제 시장 진드기 같다 많다 눈 코 입 이 간지럽다 온몸 간지럽다 때 있다 전 바이러스 폐렴 앓다 있다 가래 뱉다 마르다 기침 하다 흠 같다 소리 어머니 기관지 좋다 기침 가래 뱉다 요즘 일 감기 신고 치루다 생각 초등학교 때 지금 식 흉부 폐 바늘 찌르다 통증 있다 초등학교 때다 그리하다 기억 나다 요즘 코 숨쉬다 힘들다 때 있다 남 비하다 폐활량 좋다 요즘 듣다 걱정 있다 폐 부분 이상 소리 나다 몸 상체 좌우 움직이다 기도 안쪽 들리다 같다 소리 들리다 소리 들리다 넘다 오늘 감기 병원 가다 물어보다 정 걱정 되다 사진 찍다 봐다 고 하다 돌아오다 병적 부분 같다 집착 방사선 노출 싫어하다 전 정상 생각 증상 대하다 의 확대 해석 적다 노력 병원 가다 검사 받다 하다 정돈 가요 기관지 좋다 음식 덜다 위의 글 추측 병명 있다,쌕쌕소리
안녕 하세 요즘 듣다 소화 안되다 증상 아랫배 그러다 없다 윗배 쑤시다 아프다 랜 안 그리하다 윗배 나오다 눕다 배 들어가다 정도 눕다 윗배 나오다 옆구리 아프다 윗배 가슴 명치 목 막다 목구멍 있다 걸리다 같다 느낌 가스 차다 아침 화장실 가다 변 보다 변비 증상 있다 변 이 설사 하다 글다 잔 변 감이 있다 식욕 없다 배 고프다 맛있다 먹다 한데 먹다 맛있다 느끼다 하다 되다 먹다 맛있다 맛 느끼다 먹다 경우 많다 소변 보다 제가 속 물 마시다 바람 보다 같다 제가 잠 자다 밤 잠 오다 참다 요즘 잠 오다 하루 시간 정도 자다 주말 그리하다 여 그다 낮 졸다 경우 있다 밥 먹다 오후 스트레스 증상 나타나다 있다 업무 공부 스트레스 받다 일하다 공부 다그다 저번 주가 셤 기간 글다 일 시작 있다 경도 쓰다 요 근래 직장 선임 때 매 스트레스 받다 임신 같다 하다 저번 달 요번 달 생리 관계 가지다 날 자가 대충 하다 담 달 하다 질다 외사정 하다 배란 일도 아니다 하다 임신 아니다 같다 소화 불량 소화 불량 정도 지속 있다 궁금하다 제가 털 알레르기 있다 동물 키우다 괜찮다 요즘 제가 직업 상 털이 길다 빠지다 동물 접하다 근무 시간 접하다 예전 그리하다 반 요즘 듣다 기침 나다 하다 소리 나다 관계 있다 모르다 적다,쌕쌕소리
글 길다 읽다 겪다 증상 조금 이해 있다 과거 병력 내용 추가 과거 병력 란 쓰이다 사실 현재 병력 과거 어리다 시절 감기 오랫동안 달다 살다 그다 일반 감기 아니다 기관지 염 무엇 되다 병원 진료 받다 보다 모르다 어리다 때 동안 남 비하다 심하다 정도 감기 달다 살다 사다 때쯤 결핵 앓다 후유증 눈 사시 생기다 정도 심하다 정상적 사람 그렇다 모르다 좌우 눈 한쪽 눈 사물 보다 초점 맞추다 식이 좌 우 눈 사물 보다 하다 건 제가 의지 임의 선택 있다 한쪽 눈 사물 보다 때 한쪽 눈 사시 증세 보이다 되다 외다 눈 사물 보다 오르다 눈 사시 증세 보이다 눈 사물 보다 외다 눈 사시 증세 보이다 약 상당 고열 계속 기침 가래 흉통 겪다 엑스레이 오른쪽 폐 끝 일반 폐렴 작다 정도 염증 발견 기관지 염 무엇 모르다 군대 있다 때 일 그렇다 약 처방 받다 낫다 기미 없다 열 고열 시달리다 한겨울 충청남도 전라 북도 사이 지역 월말 월말 이때 까다 춥다 열 높다 때 도 넘기다 정도 열 심하다 당시 체온 재다 의무병 체온계 보다 믿기다 가다 한참 동안 흔들다 그렇다 한참 흔들다 이후 온도 적다 정도 고열 평상시 체온 정도 혈압 고혈압 쓰다 놓다 고혈압 아니다 올라가다 정도 올라가다 하다 정도 유지 하다 재다 때 많다 차이 있다 사이 수치 다양 나오다 그러다 진 몰르다 변화 많다 맥 박수 낮다 얼마 전 하다 심박수 분당 정도 요즘 나아지다 기본 이상 되다 올라가다 분당 정도 되다 하다 군 병원 입원 시기 잠자다 때 맥박 수가 심하다 떨어지다 정도 나오다 하다 정도 나오다 적도 있다 알다 군 병원 의무병 야간 환자 맥박 수 시간 체크 하다 모양 호흡 횟수 체크 가파르다 아니다 지도 체크 그렇다 한가지 이상한 건 운동선수 그렇다 맥박 수가 나오다 몰르다 평상시 운동 하다 사람 아니다 맥박 수가 정도 떨어지다 나오다 본문 천식 앓다 시작 처음 발병 때 과장 숨 쉬다 죽다 알다 대형 마트 야간 책 고르다 발작 주변 사람 없다 도움 청하다 없었다 몸 꼬다 짝 숨 숨 쉬다 죽다 같다 눈 앞 희뿌옇다 흐리다 온몸 심하다 저다 오고 상체 머리 왼쪽 삐다 두개골 전체 부서지다 강하다 짓눌리다 통증 겹치다 동시 이명 귀울림 나타나다 처음 겪다 상황 죽음 대하다 엄청나다 공포 겪다 한참 만 증상 해소 살만 해지다 후 강도 높다 증상 나타나다 이후 때 죽다 같다 정도 강도 높다 발작 없다 죽다 심하다 발작 일어나다 게다 요즘 그리하다 덜하다 예전 한참 증상 일어나다 때 두개골 왼쪽 눈 안 구도 안쪽 강하다 빨다 들어가다 증상 나타나다 한마디 왼쪽 머리 전체 문제 지금 증상 일어나다 때 왼쪽 눈 눈꺼풀 안쪽 빨다 들어가다 느낌 증상 일어나다 하다 그전 그리하다 약 해지다 버티다 제가 들숨 약하다 얕다 쉬다 하다 그렇다 왼쪽 머리 전체 걸치다 증상 일어나다 증상 특이 정형외과 증상 동반 그동안 의사 거치다 진료 받다 별 소용 없다 포기 한동안 증상 재발 괜찮다 알다 최근 재발 바람 질문 올리다 되다 제가 말하다 정형외과 증상 동반 이렇다 우선 천식 증상 설명 드리다 숨쉬기 남들다 천식 환자 기침 하다 하다 기침 안하다 숨 쉬다 힘들다 명치 부근 위치 쯤 느낌 받다 하다 일 하나 숨 강하다 하다 토하다 강하다 내뿜다 그렇다 하다 잠깐 폐 속 기관지 속 뚫리다 같다 이렇다 보다 특이 소리 나다 가슴 안쪽 가가 하다 강하다 빠르다 떨리다 진동 같다 느껴지다 모르다 표현 기관지 치다 때 안쪽 끄트머리 어다 쯤 덮개 같다 있다 그다 강하다 빠르다 진동 같다 열리다 닫히다 하다 식 같다 느낌 느낌 설명 그렇다 가래 같다 기관지 곳 끼다 그러다 있다 추측 게시판 그림 그리기 기능 그림 그리다 설명 드리다 대충 이렇다 그림 방향 놓다 하다 모르다 증상 일어나다 때 날숨 강하다 내뱉다 대부분 가슴 곳 강 진동 일어나다 그렇다 숨 들어가다 하다 그러다 아니다 들숨 날숨 쉬다 쉬다 크다 들이쉬다 들이쉬다 같다 가다 내쉬다 마찬가지 크다 들이쉬다 극소량 공기 들이쉬다 같다 느낌 들다 때 많다 그렇다 얼굴 목 상체 윗부분 가슴 등 팔 같다 곳 저리다 오기 하다 증상 심하다 때 머리뼈 부서지다 같다 통증 느껴지다 정도 호흡 시 들숨 때 왼쪽 머리 앞이마 옆 관자 놀이 부근 뼈 전체 안쪽 짓눌리다 안쪽 뼈 자체 빨다 들어가다 통증 느껴지다 왼쪽 뒷통수 마찬가지 증상 일어나다 되다 증상 약하다 때 그리하다 참다 버티다 넘다 겪다 오다 심 때 강제 공기 빼내다 비닐봉지 페트병 같다 안쪽 찌그러지다 두개골 뼈 왼쪽 전체 통증 겪다 하다 이 증상 제가 부산 모 종합 병원 호흡기 내과 진찰 상담 받다 의사 증상 대하다 모르다 하다 대학 병원 가보 하다 그러다 여유 없다 뒤 연말 늦다 나이 군 입대 하다 전 한번 간부 입대 크다 몸 좋아지다 달 귀가 조치 입대 천식 호흡 곤란 문제 군 병원 입원 하다 치료 도움 되다 푸다 미 코트 쓰다 정형 외과 외과 신경외과 증상 동반 문제 대하다 정신 질환 의심 쉽다 생각 혼자 짐작 커다 호흡 직접적 관계 주변 근육 과도 반응 던지다 두개골 뼈 맞물리다 상태 가 이상 생기다 덜다 호흡 시 머리 안쪽 공기 지나가다 통로 맞닿다 근육 뼈 이유 지간 이상 생기다 들숨 시 공간 진공 상태 되다 스다 통증 느끼다 던지다 식 짐작 보다 있다 말하다 대부분 사람 귀 움직이다 없다 극소수 사람 귀 움직이다 있다 말하다 일반적 상식선 의학적 관점 어떻다 런지 몰르다 일반적 범위 넘다 스다 머리 주변 근육 뼈 머리 안쪽 내장 기관 가 이상 하다 하다 생각 하다 그렇다 증상 납득 설명 안되다 그러다 생각 안하다 군의 관중 극소수 제외 군의 관 다양 보다 나머지 대부분 거짓말 을 하다 천식 아니다 병 말 하다 문제 군복무 도중 달 동안 하루 진통제 먹다 하다 당시 사단 무대 가정의 학과 군의관 다르다 치료 안하다 달 치의 진통제 처방 정작 상당수 군의관 그렇다 말 가다 되다 진료 없다 상태 제대 진료 안하다 말 마디 듣다 뒷말 듣다 필요 없다 진료 끝내다 하다 원래 제가 국군 양주 병원 동두천 부근 내과 입원 하다 그때 담당 군의 관은 천식 의심 기관지 끄트머리 소리 들리다 내용 진료 기록 의학 전문 용어 쓰다 놓다 내용 기관지 끝 부분 특정 소리 들리다 내용 기록 나중 진료 기록 국군 부산 병원 사본 내려보내다 때 읽다 보다 되다 사전 찾아보다 알다 후방 병원 부산 국군 병원 보내다 정작 부산 국군 병원 내과 군의관 귀 소리 들리다 양주 병원 군의 관은 진료 기록 기관지 끝 부분 소리 들리다 쓰다 놓다 말 그리하다 부산 내려가다 자체 처음 양주 병원 담당 군의 관이 저의 원래 연고지 내려보내다 뒤 곳 지역 있다 일반 민간 종합 병원 가다 진료 받다 보다 하다 원래 제가 살다 곳 가까이 있다 모 종합 병원 지역 역사 오래되다 병원 가다 천식 검사 하다 검사 이름 잊어버리다 기체 흡입 천식 유발 정도 알아보다 검사 이번 천식 진단 받다 진단 떼다 그러다 후 군 생활 동안 증상 일어나다 때 어지 간하다 참다 이상 참다 때 베다 토 쓰다 하다 별다르다 약 없다 그러다 입원 약 달 안되다 시기 퇴원 말 다르다 소화기 계통 병 입원 하다 정도 설사 심하다 이때 문 한번 양주 병원 입원 이때 천식 증상 낫다 상태 한 벌다 천식 치료 요청 이때 처방 받다 약이 푸다 미 코트 갈색 약 쓰다 버티다 방법 특이 진료 소견 보이다 군의 관도 있다 호흡 힘들다 참다 약 쓸다 하다 버티다 하다 나중 결국 안되다 처방 받다 풀 미 코트 하루 쓰다 하다 이후 전역 하다 병원 가다 탓 약 반 오다 한 동안 증상 사라지다 하다 아무렇다 치료 않다 낫다 알다 그다 아니다 때 되다 도지다 특정 상황 생기다 도지 예 들다 조금 몸 쓰다 운동 던지다 걷기 과하다 걸다 던지다 담배 연기 냄새 맡다 던지다 공기 좋다 증세 생겨나다 어찌하다 하다 모르다 그동안 진료 경험 봐서다 병원 의사 물어보다 답 나오다 치료 자체 포기 버리다 생각 넘다 버티다 증상 나아지다 크다 한번 재발 시작 매일 나타나다 천식 발작 강도 비하다 약하다 정도 강도 라 하다 강도 약하다 증상 발작 시간 길다 매일 증상 일어나다 증상 심 하루 종일 반 복 정 돌다 하루 종일 수시 하다 숨 강하다 토하다 하다 그렇다 하다 속 기관지 뚫리다 가 책 보다 공부 하다 밖 일 하다 무엇 하다 간 제대 집중력 있다 하다 어렵다 산 해지다 하루 종일 멍하다 피로 심하다 바깥 조금 걸어다니다 하다 일 걷다 도중 호흡 힘들다 근육 긴장 상태 같다 심하다 여기저기 상체 저리다 오다 시작 눈앞 뿌옇다 되다 머리 앞뒤 뼈 통증 느껴지다 하다 단지 증상 비하다 약 해지다 발작 심하다 불편 정상적 생활 어렵다 정도 마찬가지 들어가다 눕다 쉬다 참으다 안정 되다 제가 겪다 증상 어떻다 치료 받다 하다 까다 내용 지식인 각종 종합 병원 순차적 질문 올려보다 하다 속 답변 얻다 없다 가량 이렇다 문제 일 하다 능률 심하다 떨어지다 호흡 곤란 아니다 다르다 모르다 기억력 최근 사이 떨어지다 심 때 전 보다 듣다 내용 잊어버리다 때 있다 나이 초반 한데 그렇다 마찬가지 다르다 모르다 찍다 자료 보다 두개골 좌우 균형 맞다 왼쪽 오른쪽 작다 뇌 사진 보다 알다 있다 좌 전두엽 맨 앞 부분 오른쪽 전두엽 맨 앞 부분 비하다 위치 뒤쪽 후퇴 후두부 뇌 마찬가지 왼쪽 오른쪽 작고 형태 균형 맞다 시간 동안 생각나다 글 쓰다 글 상담 받다 도움 되다 어떠다 모르다 사실상 제대 되다 치료 받다 포기 이후 병원 근처 안가 본지 하다 쯤 되다 역시나 있다 평생 동안 엄청나다 불편 감수 살다 하다 계속 증상 나타나다 참으다 없다 이렇다 길다 글 올리다 병원 가리다 하다 진료 선택 문제 겪다 질병 자체 다양 천식 증상 하다 발작 시 동 반되 나타나다 증상 이렇다 다양 왼쪽 두개골 전체 통증 눈 안구 통증 시야 뿌옇다 흐리다 짐 강 이명 증세 상체 저리다 이다 내과 가다 하다 내과 갈다 호흡기 가다 하다 순환기 가다 하다 외과 가다 하다 신경외과 가다 하다 일반 외과 가다 하다 가정의 학과 가다 하다 길다 글 쓰다 지금 증상 해결 도움 되다 조언 어떻다 좋다 병명 덜다 치료법 덜다 의학적 의심 부분 대하다 말씀 덜다 환자 사례 알려주다 좋다 겪다 증상 관계 도움 좋다 의료 기관 소개 좋다 양의학 한의학 가리다 도움 구하다 하다 어떻다 좋다 도움 부탁드리다,쌕쌕소리
흡연 하다 까다 정신 차리다 여자 중 때 정도 피우다 평상시 개비 정도 피고 카페 호프집 피시 방 가다 되다 갑 정도 피다 참고 술 마시다 입 대지 담배 피다 노래 부르다 목 가래 끼다 느낌 받다 크다 크다 입 다물다 기침 하다 노래 하다 갑자 사래 들리다 쉬다 할아버지 목 소리 나오다 말 하다 구하다 말 나오다 기침 계속 있다 개다 아다 평상시 사래 들다 담배 피다 침대 눕다 노래 하다 목 가래 걸리다 큰기침 한번 덩어리 같다 가래 나오다 느낌 알다 맑다 가래 새빨갛다 피 목구멍 올라오다 원 동전 크다 피가래 이후 피 나오다 지금 목 가래 코 목 구멍 사이 끼다 같다 이상 기분 나쁘다 피가래 전 공기 탁하다 코 목 구멍 넘어가다 곳 아프다 편도선 그러다 때 코 들이마시다 가래 뱉다 노랗다 가래 붉다 물들다 누렇다 가래 기침 때 입 밖 뭉치다 가래 튀어나오다 때 있다 피가래 기침 목구멍 오르다 온건 이번 첨 그리하다 불안 무섭다 병원 가다 길다 갈다 경험 있다 이렇다 병원 진찰 받다 증상 아시 분 답변 얻다 도와주다 내공 드리다,쌕쌕소리
역류 식도염 기관지염 아 무엇 중순 기침 나오다 순 간 감기 기운 오다 라 생각 일반 약국 기침 목 감기약 사다 먹다 낫다 않다 동네 내과 가다 진단 하다 목 붓다 감기 하면서 주사 약 주다 담배 피다 중이 먹다 호전 보이다 지역 있다 종합 병원 가다 그때 당시 기침 가래 심하다 숨소리 소리 거칠다 신종 아니다 하다 신종 검진 의사 가다 흉부 엑스 선 찍다 호흡기 내과 가라다 하다 하다 찍다 내과 과장 폐렴 증세 하면서 호흡기 검사 호흡기 확장증 치료 인가 하다 삼일 약 주다 호전 안되다 오라 하다 문제 그때 해지다 병원 집 돌아오다 밥 먹다 몸 좋다 침대 눕다 등 가슴 불 나다 같다 증세 나오다 걸다 하다 다음날 병원 가다 소화기 내과 진찰 역류 식도염 증상 같다 약 처방 정신 하나 없다 미식거리다 가슴 등에 불이 타다 같다 기침 가래 약 복용 줄다 듣다 가다 쇄골 밑 아프다 증상 있었다 식도염 증상 호전 안되다 계속 진행 되다 종합 병원 곳 바꾸다 약이 문제 아다 님 진단 되다 가다 중순 다르다 종합 병원 혈액 검사 위 내시경 검사 받다 위염 식도 염 심하다 하다 고요 아프다 미치다 약 처방 받다 증상 호전 안되다 프로 정도 효과 있다 같다 가슴 등에 납 니다 호흡기 내과 방문 폐 찍다 결절 정도 보이다 작다 모르다 달 후 찍다 스다 관찰 고 하다 아프다 전 담배 하루 갑 피우다 아프다 반 갑 개비 개비 지금 피다 일 기침 없다 가래 점 모양 나오다 심 알다 고요 목 가래 붙다 같다 목 위로 올리다 식도 기관지 긁다 올라오다 같다 긁히다 부위 아프다 가래 나오다 있다 식도 부분 기관지 부분 통증 있다 그리다 등 날개 지 부위 쏠다 경향 있다 부위 오른쪽 가슴 쏘다 경향 있다 기관지 하다 아니다 위 식도 관련 있다 지금 역류 식도염 호흡기 신경 쓰이다 호흡기 역류 식도염 발전 어떻다 진단 하다 하다 기관지 내시경 받다 하다 아 증세 약 처방 받다 낳다 있다 호흡기 내과 별 약 안 주 시더 양약 근 달 반 복용 내성 생기다 있다 하나 기관지 확장 때 나다 음식 먹다 낳다 후 역류 기관지 손상 시키다 수도 있다 식도 가래 발생 있다 기침 없다 이물감 가래 나오다 검사 치료 필요 알려주다 감사 일상 생활 힘들다 좋다 답변 기다리다,쌕쌕소리
감기 알다 감기 달 이상 오래가다 가슴 잠들다 전 심하다 기침 발병 한지 정도 되다 심하다 감기 알다 신문 천식 관하다 글 보다 내 증상 같다 글 올리다,쌕쌕소리
알레르기 비염 가지다 어머니 어제 숨 쉬다 때 색색거리다 소리 나다 숨 차다 시다 내과 병원 가다 감기약 짓다 감기약 먹다 차도 없다 숨쉬기 힘들다 하다 기침 가래 있다 생각 천식 생기다 기관지 좁다 힘들다 하다 같다 오늘 일요일 여 내일 병원 갈다 하다 그리하다 제가 응급 처치 몸 정도 눕히다 물 하다 응급 처치 방법 모르다 빠르다 답변 부탁드리다,쌕쌕소리
후두 연하 증 후두 연안 증 딸 태어나다 때 입원 하다 첨 모세 기관지염 하다 나중 후두 연하 증 하다 크다 괜찮다 소리 나다 하다 지금 거리다 엄마 입장 안되다 소리나다 밥 먹다 잠 자다 놀다 생활 크다 되다 언제쯤 소리 없다 평생 가지다 갈다 아니다,쌕쌕소리
밤 심하다 기침 있다 마른 기침 같다 보이다 숨 소리 거리다 가슴 소리 나다 낮 한참 뛰어놀다 사래 걸리다 기침 하다 감기 알다 감기약 먹이다 지금 달 기침 나아지다 심 해지다 반복 낮 괜찮다 밤 되다 스다 눕다 누 낮잠 자다 때 기침 기침 하다 자다 기침 하다 애기 힘들다 잠 설치기 하다 각종 알레르기 있다 전 알레르기 검진 집 청소 매일 애완동물 기르다 달 천식 아니다 걱정 의심 외국 있다 병원 가기 힘들다 만약 천식 어찌하다 하다 천식 아니다 감기 가다 하다 알다,쌕쌕소리
동네 병원 계속 진료 보다 잇다 기침 밤 하다 병원 가다 알레르기 기침 하다 밤 기침 심하다 하다 가다 천식 가루약 기관지 확장제 심 때 먹다 크다 병원 제대 검사 받다 동네 병원 의사 천식 판명 나다 뭐하다 비싸다 돈 내고 검사 하다 천식 검사 어른 하다 힘들다 아이 하기 힘들다 제대 검사 나오다 있다 천식 병명 나오다 다행 찾아내다 고하다 천식 병명 나오다 하다 별 치료 방법 없다 맞다 말 약사 물어보다 같다 말 하다 밤 아이 기침 심하다 어떻다 때 거리다 가래 꽉차다 같다 소리 크다 병원 검사 하다 낫다 아다 님 동네 병원 의사 말 맞다 까다 처음 알레르기 약 먹다 없다다 하다 나아지다 낫다 아니다 먹다 하다 신종 땜 걱정 어떻다 하다 좋다 놔두다 하다 배 즙 좋다 얼마 전 구입 먹다 이대 약 먹다 나중 상태 되다 걱정,쌕쌕소리
제가 전쯤 터 숨쉬다 불편 아프다 담 결리다 담 결리다 아무렇다 넘기다 숨 쉬다 산소 듣다 갈다 느낌 하다 크다 드다 이마 쉬다 내쉬다 목 심장 까다 산소 들어가다 느낌 들다 갑자 얼굴 어지럽다 죽다 싶다 응급실 차 타다 병원 가다 맥박 정상 호흡 정상 시간 숨 쉬다 병원 통곡 하다 의사 이상 하다 산소 가다 몸 들이쉬다 정작 쉬다 넘어가다 소리 질러대다 병원 이것저것 검사 하다 심전도 피검사 알레르기 검사 활량 검사 천식 검사 이상 무 미치다 가다 한번 이러다 이러다 객사 보다 겁 나다 정도 숨 쉬다 죽다 같다 숨 들이쉬다 때 명치 가슴 산소 들어가다 같다 한번 발작 나타나다 억지 드다 이마 쉬다 해 자동적 숨 쉬다 내뱉다 반복 정상 밭다 들이쉬다 몸 들이쉬다 생각 안해 몸 이상 있다 참고 호흡기 내과 검사 받다 증상 앓다 가다 의사 분 절 도와주다 진료 과목 종류 검사 받다 하다 이렇다 질병 병명 무엇 도와주다 아 참고 증상 나타나다 전 제가 과도 스트레스 받다 하다 지금 그렇다 없다 증상 나타나다 눕다 자다 죽다 걱정 들다 정도 정확 답변 부탁 하다,쌕쌕소리
자취방 벽 면 곰팡이 피다 구둣솔 문지르다 청소 하다 처음 냄새 어지럽다 속이 좋다 기침 나다 후 숨 막히다 숨쉬기 힘겹다 그러다 개다 찬 아다 기침 하다 나아지다 느껴지다 이틀 지나다 지금 목 간질 간질 같다 기침 하다 기분 들다 목 구멍 쪼그라들다 느낌 하다 소리 나다 하다 갑자 숨 막히다 때 무섭다 단순 알레르기 같다 처방 있다,쌕쌕소리
여자 이구 예전 그렇다 없었다 제가 다이어트 약 복용 하다 성형외과 짓다 양약 있다 먹다 지 되다 같다 몸무게 정도 나가다 약 먹다 빼다 거거 동안 그렇다 종합 병원 건물 아 이 마트 대형 건물 있다 그러다 건물 안 들어가다 숨 막히다 오다 누 목 죄다 느낌 하다 집 있다 숨 쉬다 숨 쉬다 같다 깊다 숨 들이다 마시다 가다 가슴 주먹 치다 그리하다 그러다 트림 나다 때 있다 속 뚫리다 느낌 술 마시다 담배 피다 약 먹다 전 담배 피다 이렇다 없었다 담배 같다 가래 끼다 느낌 듣다 침 입안 헐다 사람 사다 아니다 같다 길가 다그다 조금 걷다 숨 막히다 구역질 올라오다 결국 구토 하다 병원 가다 담배 피다 소리 다이어트 약 먹다 소리 숨 막히다 죽다 꺼 같다 하다 위 역류 같다 양약 주다 믿다 있다 의사 화내다 짜증 내다 모르다 같다 말하다 같다 이러다 걸다 살리다 사람 사다 명색 영양사 이러다 사람 숨쉬다 일 중요 일 느껴지다 병 알리다 고치다 있다 지신 님 있다 길다 쓰다,쌕쌕소리
제가 폐결핵 앓다 지금 완치 판정 받다 후 담배 계속 피다 심장 근처 왼쪽 갈비뼈 사이 아프다 바늘 찔리다 숨 쉬다 때 소리 납 니다 병원 못가 보다,쌕쌕소리
안녕 하세 입다 다 제가 되다 딸 두다 엄마 작년 감기 아니다 감기 증상 나타나다 심하다 하다 아니다 바람 맞다 움직임 많다 그러다 기침 하다 심하다 하다 머리 아프다 던지다 눈동자 아프다 하다 어쩌다 때다 심장 아프다 하다 숨쉬다 때 쌕쌕거리다 소리 나다 요즘 숨 쉬다 힘들다 하다 정도 까다 요즘 그러다 같다 병원 가다 엑스레이 찍다 이상 없다 그러다 일반 비다 후 가다 괜찮다 약 먹다 낫다 오다 말 하다 병원 여 아빠 좋다 약 기름 도라지 가루 안해 없다 아이 먹다 힘들다 하다 때다 안 먹이다 오늘 먹이다 동백 기름 도라지 가루 기관 기 좋다 하다 가루 물 꿀 타다 먹이다 잘못 모르다 전 병원 가다 진찰 받다 약 타다 오다 먹이다 소용없다 울다 신랑 병원 다니다 그러다 힘들다 제가 아이 셋 두다 엄마 라 힘 들다 답 변 기다리다 부탁드리다,쌕쌕소리
되다 남아 돌 어린이집 다니다 감기 달다 살다 그러다 중 황사 심하다 덜다 주말 놀이터 모래 장난 하다 놀다 밤 자다 소리 좋다 동네 소아과 청진 해보다 천식 소리 하다 평소 다니다 병원 알다 달 먹다 어리다 진단 내리다 어렵다 하다 이번 천식 소리 나중 성인 천식 되다 보다 걱정 지금 관리 잘하다 성인 천식 가다 치료 적극적 하다 그러다 지금 치료 해보다 환경 관리 잘하다 귤 레 먹다 밖 없다 하다 방법 밖 없다 지금 혈액 검사 스킨 테스트 받다 의미 없다 나이 피검사 하다 어떻다 알다 좋다 가다 청진 위주 하다 지금 동네 병원 소리 좋아지다 시드 라 그러다 소리 좋아지다 상태 청진 의미 없다 어린이집 다니다 좋다 내이다 대학 병원 진료 예약 놓다 갈다 고민 대학 병원 진료 가다 얻다 없다 고생 하다 하구 답 변 부탁 드립 니다,쌕쌕소리
언니 올해 미혼 여성 쯤 위 내시경 받다 수면 내시경 하다 일반 내시경 하다 고민 일반 내시경 하다 맘 먹다 힘겹다 검사 마치다 위 내시경 검사 결과 이상 없다다 나오다 내시경 검사 이후 지금 기침 심하다 하다 종합 병원 가다 진찰 받다 증상 없다다 어떻다 하다 하다 모르다 기침 좋다 파뿌리 배 꿀물 사다 먹다 별 소용 없다 고요 밤 기침 심하다 숨 쉬다 때 소리 낳다 기침 장기간 보다 몸 지치다 허리 하다 검사 받다 하다 질병 의심 좋다 정보 부탁 드립 니다 발,쌕쌕소리
결혼 지가 정도 되다 결혼 전 체중 정도 슬다 결혼 생활 후 체중 붇다 한때 넘어서다 적도 있다 터 모르다 주변 다르다 들이다 거칠다 아프다 하다 모르다 담배 피우다 그렇다 폐활량 부족 느끼다 제가 일욜 야구 하다 베이스 한바퀴 돋다 힘들다 문제 가능성 있다 가슴 통증 없다 부탁드리다,쌕쌕소리
안녕 전 감기 증세 오다 원래 비염 축농증 유전적 가족 들다 콧물 날다 사람 전 콧물 나다 코 막히다 목 아프다 붓다 같다 열 없다 전형적 코 목감기 같다 이비인후과 가다 진료 받다 약 먹다 동안 낫다 비다 후 과 가다 진료 받다 약 먹다 낫다 목감기 심해 하다 사가 쉬다 하다 하다 아르바이트 하다 이번 내과 가다 이번 약 먹다 낫다 은 엑스레이 찍다 하다 동안 감기 앓다 오늘 내과 약 먹다 완쾌 같다 증세 좋아지다 하다 그리하다 가래 나오다 목 건조 느낌 나다 하다 낫 진 않다 증상 호전 며칠 쉬다 낫다 같다 하다 앓다 걱정 그러다 몸 좌우 움직이다 가슴 폐 명치 위쪽 목 정도 거리다 하다 하다 거리다 소리 나다 몰르다 오빠 테 해보 하다 오빠 소리 낳다 크다 일 하다 그리하다 전 내과 선생님 약 먹다 낫다 엑스레이 찍다 하다 말 생각나다 제가 감기 오랫동안 앓다 폐 이상 생기다 하다 하다 원래 일반인 저렇다 하다 폐 소리 나다 정상 저다 내과 가다 엑스레이 촬영 해보다 하다 가다 소리 정상 쪽팔리다 당하다 보다 좋다 답변 부탁 드리다,쌕쌕소리
군 입대 앞두다 천식 검사 받다 필요성 있다 질문 드리다 초등학교 때 비염 심하다 알레르기 검사 하다 집 먼지 진드기 알레르기 있다 나오다 중 학교 때 까다 알레르기 몰르다 한번 정도 심 천식 천명 참으다 없다 정도 심하다 흉부 아프다 응급실 가다 그리하다 고등학교 들어오다 터 천식 비염 모두 호전 아 할머니 댁 가다 일 자다 경우 있다 염과 천식 오다 경우 있다 잠 자다 정도 하다 최근 증상 요즘 천식 오다 경우 운동 하다 예 르 어다 달리기 전력 뛰다 소리 나다 숨쉬기 힘들다 흉부 아프다 달리다 자제 운동성 천식 보다 있다 병원 가다 검사 비만 낭비 있다 질문 드리다 검사 받다 볼만 말씀 부탁드리다,쌕쌕소리
안녕 의사 되다 아들 있다 다르다 아니다 아들 어제 이비인후과 다녀오다 의사 알다 르 레 천식 하다 천식 어떻다 어떻다 하다 하다 알다 감사 음식 어떻다 먹다 하다 알다 주세,쌕쌕소리
안녕 전 되다 남아 키우다 엄마 전쯤 가다 감기 걸리다 옮기다 같다 모세 기관지염 그때 걸리다 치료 이번 감기 옮다 어린이집 다니다 감기 달다 살다 이번 열다 동반 감기 알다 열 떨어지다 모세 기관지염 하다 먹다 먹다 놀다 놀다 몸무게 이구 벌쓰다 주 되어가다 오늘 의사 선생님 소아 천식 되다 가능성 있다 하다 돌 안되다 아이 어떻다 하다 좋다 모르다 소아 천식 되다 가능성 높다 소아 천식 어떻다 하다 완치 돌 안되다 아이 소아 천식 쌕쌕거리다 숨 쉬다 운동 숨 차다 답변 부탁 드리다,쌕쌕소리
알다 르 천식 의사 선생님 진찰 아이 증상 호흡 곤란 잦다 기침 콧물 코 힘 그중 호흡 곤란 폐렴 입원 치료 하다 지금 의사 선생님 진찰 받다 아이 숨소리 들리다 않다 위험 말씀 주사 폴 미 칸 처방 받다 집 오다 아이 뛰어놀다 숨 소리 가쁘다 들리다 입원 치료 정확 원인 알다 소아 천식 일반적 알다 르 천식 차이 알다,쌕쌕소리
안녕 제가 어리다 사다 때 홍역 심하다 늘다 후로 감기 걸다 고 기침 심 고 이후 숨 차다 느끼다 시작 하다 기침 심하다 하다 때 기관지 내시경 받다 보 앗다 어리다 폐렴 지나가다 자국 잇다 하 엿 기관지 확장증 판명 나다 나이 먹다 숨 심하다 차오르다 느껴지다 현재 조금 걷다 숨 차다 거리다 소리 들리다 기관지 좋다 약재 음식 운동 법 알리다 감사,쌕쌕소리
임신 지금 감기 떨어지다 산 부인과 괜찮다 하다 약 먹다 지금 잔 기침 인하다 목 붓다 따갑다 때 있다 맑다 가래 섞이다 나오다 가래 떨어지다 가다 밤 자다 때 숨 쉬다 가래 가슴 쌕쌕거리다 소리 가다 기침 잠 자다 괜찮다 궁금하다,쌕쌕소리
어리다 코 힘 고생 하다 그러다 코 힘 양 상 어리다 때 다르다 유치원 초등학교 저학년 때 축농증 말로 셋 노 더러운 콧물 달다 살다 어머니 주의 갖다 집중적 병원 데려가다 축농증 없다 어리다 코 후비다 습관 들이다 콧속 혈관 약 해지다 코피 터지다 코 점막 지지 시술 받다 같다 지금 콧물 없다 콧속 건조 고름 같다 없다 상태 막히다 코 세다 풀다 콧물 나오다 공기 질 않다 이러하다 상태 일상생활 크다 문제 되다 왼쪽 막히다 오른쪽 그리하다 뚫리다 거리다 코 숨쉬기 가능 잠 자다 때 문제 겨울 다그다 오다 날씨 건조 해지다 코 막히다 코 세다 풀다 공기 통하다 쌕쌕거리다 나오다 공기 뜨겁다 괴롭다 수면 방해 받다 자다 숨 막히다 있다 아다 수면 호흡증 모르다 코 힘 관련 있다 하다 저녁 조깅 하다 때 만하다 코 숨쉬다 달리다 노력 콧속 흐름 원활 터다 버티다 결국 입 숨쉬다 달리다 되다 식염수 코 세척 하다 코딱지 나오다 하다 호전 되다 때 있다 컨디션 좋다 날으다 소용 없다 때 많다 미치다 때 면봉 코 집다 아프다 때 집어넣다 빼기 하다 코 건강 좋다 같다 자주 안하다 그러다 콧물 묻다 나오다 뚫리다 하다 오 트리 빌다 을 사다 뿌리다 그날 마법 코 뚫리다 잠 드다 남용 되다 악영향 미치다 되다 소리 듣다 쓰다 하다 달 정도 쓰다 인터넷 서다 비염 관하다 정보 찾아보다 알레르기 비염 맑다 콧물 흐르다 증상 섣부르다 견해 알레르기 비염 같다 다르다 비 염 환자 휴지 달다 살다 전 콧물 나오다 휴지 달다 살다 일 없다 상황 인터넷 보다 비중 만곡 증 코뼈 교정 공기 흐름 원활 확보 수술 이렇다 경우 적용 되다 같다 생각 어리다 때 병원 가다 때 수술 추천 하다 같다 고요 전문가 분 선 이러하다 증상 보시다 어떻다 진단 내리다 코 힘 개선 하다 위하다 치료 받다 하다 점막 건조 원인 그렇다 해결책 아니다 코뼈 구조 이상 수술 하다 답 코 내부 전 여드름 이 나다 시작 관리 못하다 그러다 지루성 피부염 코 후비다 만지다 버릇 피부 좋다 코 전체적 빨다 주사 비가 되다 스다 컴플렉스 되다 피부과 진료 바르다 스테로이드 연고 도움 안되다 같다 방치 되다 신경 쓰다 하다 같다 수술 하다 되다 코 피부 악영향 미치다 마지막 질문 코 수술 하다 미용 목적 코 성형 동시 시술 경우 있다 방식 하다 여쭈다 보다 있다 겨울 마음 잡고 치료 하다 짧다 글 읽다 감사 드리고 도움 글 남기다 주시 길 부탁드리다,쌕쌕소리
되다 아이 아빠 얼마 전 되다 아들 감기 걸리다 가다 덜다 의원 가다 낫질 않다 소아병 동 있다 병원 가다 가다 피검사 검사 하다 폐렴 있다 입원 하다 의사 선생님 선 청진 소리 듣다 하다 소리 그전 나다 묻다 이번 입다 다라 천식 의심 하다 하다 검사 해보다 하다 오늘 검사 나오다 알레르기 천식 땅콩 계란 알다 지가 있다 먹다 안되다 평소 아이 감기 걸리다 면역력 약하다 하다 천식 자식 미안 마음 점 천식 유전 덜다 맞다 증조 부 할아버지 천식 있다 담당 선생님 검사 하다 천식 소견 나오다 나오다 계속 치료 하다 하다 맞다 대학 병원 가다 검사 하다 하다 천식 억제 주사 처음 달 주 주사 맞다 다음달 달 한번 맞다 하다 약물 치료 동안 하다 하다 아이 부 작용 없다 소아 천식 검사 치료 유명 병원 어다 디다 서울 경기 평소 숨 실 때 하다 소리 없다 호흡 곤란 없다 기침 없다 감기 걸리다 감기 오다 때 오르다 맑다 코 노 코 많다 한번 편도 염 오다 적도 있다 발작 일으키다 적도 없다 고치다 있다 병이 근심 쌓이다,쌕쌕소리
달 전 기침 심하다 병원 가다 약 먹다 나아지다 기침 하다 한번 기침 나다 심하다 기침 하다 기침 시작 목 소리 나다 흡연 지 오래되다 보통 하루 정도 피우다 금 연시 도중 목 혹 만지다 없다 기침 보통 한번 날다 같다 감기약 먹다 소용없다 한번 기침 시작 심하다 그다 가래 없다 침 뱉다 나오다 하다 색깔 노랗다 그렇다 기침 증세 숨쉬다 때 소리 나다 오늘 기침 시작 목 막히다 같다 느낌 나다 목구멍 걸리다 같다 느낌 소리 나다 문제 예전 천식 있다 지금 별 탈 지내다 있다 천식 아다 님 담배 그러다 까다 증상 부탁드리다 답 변 기다리다,쌕쌕소리
숨쉬다 때 숨쉬다 같다 폐 소리 나다 병원 엘 가다 첨 청진기 폐 진찰 엑스레이 폐 능력 내쉬다 테스트 하다 폐 능력 퍼센트 문제 없다다 하다 엑스레이 기관지 조금 좋다 진 정상 하다 하다 말씀 천식 검사 천식 유발 하다 테스트 하다 하다 하다 소리 듣다 없다다 하다 소리 날다 날다 호흡 곤란 그러다 그러다 그러다 증상 나타나다 때 테스트 정상 나오다 있다 제가 하루 이틀 가다 호흡 곤란 돼다 폐 나다 소리 한 넘다 괜찮다 하다 천식 증상 보다 맞다 병원 갈다 요 호흡 곤란 심하다 때 있다 폐 구멍 나다 들이마시다 공기 절반 들어가다 느낌 듣다 헉헉거리다 요즘 그렇다 심하다 한숨 쉬다 기침 하다 천식 아니다 같다 하다 무엇 까다 요 쾌한 답변 부탁 드립 니다,쌕쌕소리
현재 여 학생 때 순간 장소 불문 목 건조 해지 메마르다 느끼다 마르다 기침 심하다 하다 연속 정도 하다 가래 끼다 멈추다 지속 하다 물먹다 기침 나다 숨 참다 온몸 들썩거리다 까다 나오다 해 병원 가보다 하다 중학생 때 의사 선생님 별 이상 없다다 하다 미루다 한데 증상 이러다 이유 없다다 하다 보다 겁나다 하다 고치다 없다 최근 간 현상 목감기 걸리다 때 며칠 전 콧물 목감기 걸리다 있다 누렇다 가래 목 끼다 한 주 정도 이러다 지내다 없다 일상생활 가능 시험 다가오다 물 해결 미치다 같다 자다 기침 구역질 계속 수업 방해 보다 참다 대다 숨넘어가다 흡연 안하다 간접 흡연 아빠 길거리 사람 있다 요즘 그러다 최근 달 안 가슴 소리나다 그리하다 혹시나 하다 적다 답변 부탁드리다,쌕쌕소리
현재 고등학교 학년 학생 감기 걸리다 병원 가다 호흡량 적다 검사 받다 보라 하다 블라 키트 사용하다 응급 처치 받다 나오다 의사 선생님 이틀 후 병원 오다 검사 받다 보라 하다 집 오다 인터넷 검색 천식 치료 기계 덜다 여름 방학 때 이유 없다 호흡 곤란 힘겹다 기억 나다 당시 이유 가슴 무겁다 머리 띵하다 숨 쉬 기가 슬다 소리 나다 하다 천명 게 증상 없다 천식 경우 유전적 질병 알다 외가 친가 천식 앓다 닿다 없다 어리다 때 만성 기관지염 앓다 오다 중학교 때 늘다 비염 생기다 기관지 관련 문제 없다 싶다 천식 당황 보다 쉽다 증상 정리 밤 자다 깨다 가슴 무겁다 감기 걸리다 기침 심하다 하다 숨 쉬다 힘들다 가슴 가다 찌르다 아프다 호흡량 적다 뛰다 걷다 쉽다 숨 차다 증상 만약 천식 맞다 조치 취하다 좋다,쌕쌕소리
작년 폐결핵 앓다 올해 완치 처방 받다 중순 늘다 몸 가볍다 날아가다 기분 생활 말 몸 힘들다 숨쉬다 때 쌕쌕거리다 소리 나다 시작 숨쉬기 힘들다 몸 쳐지다 피로도 느끼다 아침 일어나다 활동 시작하다 밤 되다 몸 힘들다 하다 숨쉬다 좋아지다 나빠지다 반복 저녁 밤 중이 되다 숨쉬다 힘들다 소리 나다 빈도 많다 가슴 조이다 느낌 있다 운동 안하다 그렇다 아침 산 다니다 보다 하다 좋다 지진 않다 처음 통증 있다 요새 없다 가래 있다 하다 피 섞이다 나오다 피 섞이다 오진 않다 결핵 재발 같다 그리하다 재발 가능성 있다 아니다 질병 있다 있다 그렇다 피로 누적 현상 발생 있다,쌕쌕소리
제가 원래 밤 새 고 공부 많다 눈 피곤 정신 차리다 극복 가능 늦다 까다 깨 있다 피곤 해지다 숨 가쁘다 오다 아다 안되다 잠 자리 듣다 그렇다 어제 새벽 시 잠 듣다 오늘 쯤 깨다 하루 종일 숨쉬기 힘들다 쉬다 쉬다 하다 오늘 그렇다 잠 잔 날이다 그리하다 머리 아프다 아니다 학원 수업 듣다 졸다 보다 커피 잔 마시다 커피 평소 마시다 길다 한데 같다 눈 뜨다 수업 평소 듣다 졸지 숨 쉬다 하다 숨 쉬다 같다 숨쉬다 걸 신경 쓰다 되다 한숨 쉬다 스트레칭 때 크다 의도적 쉬다 불편 작다 숨쉬다 짧다 잠 깊다 자다 깨다 때 학교 쉬다 시간 엎드리다 자다 깨다 때 심하다 학교 아다 엎드리다 자다 호흡 곤란 부다 하다 집 낮잠 가량 자다 그러다 짧다 잠 시간 따르다 숨 쉬다 지속 기간 긷다 찬물 마시다 낫다 지금 일어나다 그러다 베란다 문 열다 찬공기 쐬다 숨 쉬다 억지 쉬다 되다 자다 깨다 때 심장 미치다 거려 하다 하다 엄청나다 운동 숨 쉬다 때 느껴지다 심장 박동 보통 운동 숨 쉬다 산소 부족 이 심장 박동 빻다 거랑 숨 쉬다 그러다 그렇다 문제 되다 걱정,쌕쌕소리
안녕 하세 중학교 학년 여자 제가 학년 여름 달 날 턱 하다 숨 까다 크다 숨 쉬다 하다 되다 크다 듣다 마 쉬다 내쉬다 때 쉬다 처음 엄마 아빠 말하다 병원 가다 그때 사정 있다 진찰 받다 넘기다 그다 그러다 무섭다 하다 시간 흐르다 학년 때 말하다 엄마 아빠 걱정 해 부담 그리다 병원 가다 늦다 시간 정확 진료 안받다 과민 스트레스 일수 있다 약 받다 먹다 별 효과 없다 고요 제가 스트레스 심하다 방학 때 불면증 있다 중 때 까다 운동 신경 좋다 체육 부장 하다 달리기 여자 치다 빠르다 정도 지금 해보다 학교 갈다 때 산 타다 힘들다 가다 숨차다 요즘 있다 숨 차 공간 있다 교실 끝자리 앉다 문 열다 미치다 걱정 되다 엄마 아빠 말하다 크다 걱정 말 어떻다 하다 호전 겁 나다 무섭다 정리 말 지금 중 중 여름 크다 숨쉬다 안되다 요즘 있다 숨 차다 무엇 까다 돕다,쌕쌕소리
요즘 듣다 하루 가슴 숨 쉬다 느낌 들다 시간 지나다 괜찮다 지기 하다 신경 쓰이다 그리다 일 하다 신경 쓰다 그렇다 피곤 의욕 없다 그러다 심장 관련 있다 모르다,쌕쌕소리
그저께 코 막히다 가래 기침 감 기라 감기약 일치 처방 받다 지금 이틀 복용 막히다 열 날다 목 간지럽다 소리 나다 기침 하다 가슴 통증 있다 걱정 그러다 감기 낫다 같다 기침 개 속 나다 크다 병 아니다 어리다 이지만 흡연 하다 잇다 하루 다섯 개정 하다 최근 안해 하다 생각 없다 이러다,쌕쌕소리
숨 하아 숨쉬다 때 쇳소리 나다 같다 병원 가다 치료 받다 하다 지금 일 나다 있다,쌕쌕소리
안녕 전 해외 유학 학생 제가 이번 달 그렇다 기침 하다 시작 기침 시작 전 주 시험 있다 몸 피다 하다 갑자 목 아프다 목 괜찮다 기침 시작 되다 그다 기침 정도 심하다 싶다 정 도로 가슴 기침 때 하다 울리다 소리 기관지 울리다 기침 하다 때 폐 아프다 정도 심하다 하다 그렇다 지금 넘다 하다 처음 기침 시작 때 기침 정도 줄다 하다 밤 되다 심하다 요즘 기침 하다 있다 숨 크다 들이쉬다 폐가 하면서 흉통 있다 숨쉬다 찌릿하다 아프다 숨쉬다 놀다 기도 하다 요즘 들어서다 밤 기침 심하다 하다 숨쉬다 때 까다 소리 낳다 하다 심하다 소리 나기 다르다 일반 숨쉬다 때 가래 없다 처음 기침 때 가래 심하다 지금 가래 나오다 조금 정도 저다 병원 가다 약도 먹다 하다 되다 알다 비자 보험 들어가다 폐렴 하다 검사 시작 치료 비가 들다 병원 가다 물 먹다 목 감다 전부 전 감기 생각 기침 생각 가요 심하다 넘다 하다 폐렴 엑스레이 찍다 하다,쌕쌕소리
요즘 덥다 학교 에어컨 틀다 애 창문 닫다 창문 열리다 떄 숨쉬다 지장 없다 창문 닫다 숨쉬다 어렵다 천식 하다 물어보다,쌕쌕소리
안녕 다름아니다 아버지 기침 심하다 질문 드리다 자식 도리 병원 모시다 가다 하다 정상 아버지 거부 고민 끝 지식인 남기다 질문 드리다 전 크다 문제 있다 아버지 청각 장애인 말하다 농아 인 이시다 듣다 말하기 되다 아버지 아프다 같다 묻다 일반인 말 세세 무엇 인가 비유 하면서 말하기 힘들다 목 아프다 기침 심하다 라 표현 수화 대화 하다 한계 있다 그다 증상 이러하다 아침 저녁 심하다 수면 증상 있다 보다 기침 사레 걸리다 시작 하다 음식물 섭취 하다 상황 자다 사레 걸리다 사람 짧다 길다 수분 걸치다 하다 하다 요즘 느끼다 물 컵 한번 마시다 걸치다 나누다 마시다 가 이상 생각 들다 본인 목 아프다 호소 하다 하다 조금 힘들다 일 운동 하다 숨 소리 거칠어지다 하다 소리 섞이다 나오다 기침 지속적 기 하루 증상 있다 심하다 하다 일 동안 지속 되다 하다 식사 정상적 하다 최근 간 몸무게 변화 없다 위 증상 전 되다 요즘 고민 잠 설치다 집 빚 많다 장애인 보험 가입 안되다 크다 병 걸리다 치료 한번 못 좋다 일 생기다 보다 걱정 글 자문 구하다,쌕쌕소리
생후 되다 아이 지나다 밤새 소아과 가다 오전 감기 하다 약 처방 받다 그날 밤 열 나다 울다 하다 응급실 가다 모세 기관지염 하다 아기 가래 심하다 콧물 있다 현재 소아과 모세 기관지염 낳다 기침 있다 하다 약 정도 먹다 되다 하다 애기 좋아지다 저다 느끼다 가슴속 들리다 소리 가래 끼다 같다 소리 밤 숨쉬다 때 애기 숨 쉬다 불편 보이다 소리 거슬리다 소아과 문의 얘기 없다 이 대다 소리 두다 괜찮다 아기 보채다 힘들다 하다 없다,쌕쌕소리
습 여름 날씨 추우다 뛰다 천식 환자 숨쉬기 힘들다 유 독 겨울 기온 낮다 건조 때 운동 하다 기도 좁다 하다 소리 숨쉬다 때 나다 숨 쉬다 힘들다 병원 가다 평소 아무렇다 의사 별일 없다다 하다 겨울 되다 밖 운동 힘들다 숨 차 숨 쉬다 기도 수축 고요 증상,쌕쌕소리
안녕 하세 친정 엄마 올해 이시다 찍다 정도 종양 보이다 수술 하다 하다 하다 연세 수술 하다 회복 되다 걱정 초기 감기 을 심하다 하다 감기 하다 오래되다 조금 오르막길 올르다 숨 차다 색색 소리 내다 어떻다 하다 좋다 조언 부탁드리다 증상 폐암 초기 증상 맞다,쌕쌕소리
폐렴 걸리다 정도 입원 치료 받다 후 때 거리다 소리 일주일 정도 가다 모세 기관지염 집 호흡기 치료 하다 병원 선택 다니다 증상만 보다 병원 병원 가다 항생제 나오다 한곳 정하다 다니다 그러다 항생제 안주 병원 치료 괜찮다 걱정 되다 때 많다 후 때 정도 색 소리 나다 후 때 감기 환절기 걸리다 거리다 소리 이틀 정도 지금 감기 걸리다 때 하루 정도 거리다 콧물 흘리다 항생제 안주 병원 치료 받다 미 코트 패치 정도 처방 받다 귤 레 이정 먹다 지금 유치원 다니다 시작 적응 같다 이후 건강 관리 엄마 하다 있다 일 무엇 있다 한의원 크다 병원 알레르기 검사 같다 해보다 하다 엄마 어리다 때 치료 하다 부담감 크다 이렇다 글 올리다 천식 모르다 상태 무언가 움직이다 하다 같다 하다 그리하다 도움 부탁 드리다,쌕쌕소리
원래 달 전 폐렴 그다 퇴원 통원 치료 하면서 나아지다 요즘 돌아다니다 그렇다 기침 재발 같다 낮 그리하다 괜찮다 밤 거리다 소리 나다 기침 나다 가래 나오다 나다 천식 증상 폐렴 날다 듣다 폐렴 아니다 꺼 같다 폐렴 재발 가능성 있다,쌕쌕소리
안녕 하세 고 여 학생 제가 어리다 때 기관지 좋다 환절기 때 폐렴 입원 하다 하다 초등학교 학년 학년 때 쯤 천식 걸리다 입원 있다 하다 넘다 치료 받다 괜찮다 하다 퇴원 하다 이후 폐렴 걸리다 천식 걸리다 없다 중학교 올라가다 전 폐렴 걸리다 중학교 올라오다 면역력 생기다 약 먹다 낫다 약 감기 걸리다 폐렴 입원 들다 없다 전 가다 숨 소리 거리 오늘 춥다 숨쉬기 힘들다 조퇴 하다 조퇴 천식 증상 찾아보다 정도 빼다 맞다 코 막히다 가래 나오다 눕다 숨쉬기 불편 옆 눕다 숨쉬기 편하다 하다 일 전 알레르기 증상 나타나다 눈 시도 때 가렵다 숨 소리 쌕쌕거리다 천식 증상 똑같다 천식 재발 도 있다 내일 대학 병원 이비인후과 가다 하다 이비인후과 가도 되다 만약 천식 초등학생 때다 천식 걸리다 입원 지금 입원 말 중요 시험 있다 준비 하다 되다 걱정 답 변 부탁드리다 읽다 감사 오늘 좋다 하루 되다,쌕쌕소리
달 때 기침 하다 지금 병원 약 먹다 기침 가래 좋아지다 눕다 때 입 숨 마시다 내뱉다 때 목 구멍 가래 끓다 거리다 소리 나다 뱉다 때 목 구멍 하다 기침 나오다 같다 그러다 한번 기침 심하다 하다 기침 하다 정도 하다 가래 끓다 지진 않다 비염 있다 검색 후 비루 눕다 콧물 같다 뒤 넘어가다 가래 끓다 같다 숨 마시다 때 왼쪽 가슴 폐 약간 지끈거리다 있다 약 먹다 하다 증상 계속 있다 그러다 까다 치료 방법 있다,쌕쌕소리
여아 어제 새벽 열 나다 아파하다 병원 가다 폐렴 진단 받다 며칠 전 감기 기운 있다 무엇 통 안 먹다 기운 없다 하다 폐렴 심하다 약 짓다 약 먹다 괜찮다 병원 집 오다 열나다 해열제 먹다 미음 숟가락 먹이다 뒤 항생제 먹다 하루 종일 자다 어제 저녁때 쯤 괜찮다 같다 오늘 새벽 일어나다 밥 달라다 하다 좋아지다 생각 미 음 먹다 싫다 하다 자다 낮 일어 밥 먹 고 약 먹이다 지금 그렇다 밥 먹다 보다 좋아지다 같다 숨 쉬다 소리 거칠어지다 좋아지다 숨소리 좋아지다 있다 아이 아프다 뛰어놀다 그리하다 이번 눕다 있다 걱정 좋다 걸다 아다 님 나다 을리다 고 그러다 까다,쌕쌕소리
일상적 생활 하다 증상 시작 한번 시작 멈추다 계속 심하다 소리 나다 말 하다 하다 기침 동반 심하다 쌕쌕거리다 목 아프다 머리 아프다 숨쉬다 거칠다 힘 들다 감기 같다 심하다 먼지 듣다 마시다 가래 나오다 하다 계속 가다 레 뱉다 기침 하다 숨 쌕쌕거리다 쉬다 일상생활 회사 생활 힘 들다 경우 있다 정확 이유 알다 병원 가다 목 이상 약 발르다 구역질 나다 눈물 나다 쓰디쓰다 약 목구멍 바르다 말씀 안하다 병원 알다 가요,쌕쌕소리
속력 초당 달리다 숨 가빠지다 가슴 천명 소리 하다 머리 엔지 멍하다 짐 운동 다하다 동 기침 그다 이지 속 하다 돌아가시다 할아버지 천식 따다 대 운동성 천식 의심 해 바,쌕쌕소리
안녕 하세 천식 인하다 고생 중반 남성 흡연 하다 가래 전쟁 하다 기침 하다 자기 전 가슴 소리 납 니다 인터넷 검색 음 하다 같다 한데 증상 보다 만성 기관지염 같다 호흡기 내과 가면 치료 가능 금 연 하다 힘들다 미 슬다 어다 카다,쌕쌕소리
제가 한 전 기침 심하다 심하다 담배 피다 ㄷ 심하다 담배 피다 지금 년 이구 피다 전 기침 심하다 하구 생전 한번 나다 코피 나오다 콧속 거려 손가락 넣다 피 뭍 어다 나오다 기침 하다 이틀 전 기침 심하다 하다 인지 왼쪽 가슴 아래 심장 아래 쪼이다 느낌 무지 아프다 그때 무섭다 지금 하루 반 갑 갑 피구 지금 왼쪽 가슴 아래 폐인 같다 눌리다 조이다 살 정리 년 흡연 하루 반 갑 갑 전 기침 심 생전 처음 코피 흘림 이틀 전 왼쪽 가슴 아래 쪼이다 오다 목 소리 남 숨 깊다 들이쉬다 이정 발 의사 분 건방 지게 말 드리다 안되다 폐암 대하다 복사 붙이다 넣다 마다 시고 환자 대 답변 감사 무섭다 폐암 아니다 부탁 드립 니다,쌕쌕소리
안녕 하세 중 학생 초등 학년 때 알레르기 비염 앓다 그렇다 코 막히다 그때 조기 치료 안하다 요즘 피가래 나오다 이물감 느껴지다 다그다 달리다 가슴 하다 소리 들리다 평소 때 숨쉬기 초기 증상 천식 어떻다 하다 하다 내공 걸다,쌕쌕소리
평소 심하다 팔 저리다 마비 같다 증세 없다 자다 때 심하다 눕다 제일 곤란 옆 눕다 나아지다 가래 나오다 숨 내쉬다 때 소리 심하다 크다 병이 아니다 걱정 되다 봐서다 진단 정확 예상 병과 의심 병명 알려주다 감사,쌕쌕소리
가족 엄마 언니 천식 인걸 병원 갓 구저 그렇다 데리다 가다 모르다 흡연자 가족 화장실 거실 피우다 엄마 흡입 약 복용 평소 먼지 알레르기 있다 개 키우다 되다 구 평소 환기 안하다 집안 먼지 털 기도 안 청소 안하다 술 담배 안 고 여 학생 집 담배 피다 간접 흡연 그렇다 머리 하루 감다 머리 정수리 담배 배기다 냄새 전 담배 피다 방 가다 숨 참다 공기 청정기 사용 식사 점심 먹다 토 일 먹다 배고프다 쯤 먹다 군것질 안 라면 일주일 한번 달 정도 먹다 잠 반 자 증세 느끼다 어떠다 때다 속옷 착용 물 목 담다 느낌 가슴 그다 명치 위 목 구멍 간지럽다 기침 와요 기침 소리 이러다 식이 천식 치료 법과 병원 좋다 음식 알리다 주세,쌕쌕소리
제가 달 전 숨 쉬다 쉬다 그러다 증상 있다 별일 하다 넘어가다 달 전 밤 되다 마르다 기침 나다 일주일 전쯤 터 목 가래 있다 느낌 구 오른쪽 그러다 숨 들이쉬다 오른쪽 목 앞 부분 성 있다 옆줄 따르다 아프다 심 오른쪽 가슴 위 통증 있다 중요 건 왼쪽 오른쪽 목 부분 누르다 숨 쉬다 기침 하다 심하다 가래 있다 소리 숨 쉬다 때 소리 날다 쇠 골 사이 파인 가운데 약간 오른쪽 누르다 가래 소리 하다 하다 공기 빠지다 소리 하다 하다 그러다 소리 내과 가다 엑스레이 찍다 이상 없다다 하다 이비인후과 가보다 특별 소견 없다다 하다 양쪽 병원 거담제 항생제 이렇다 주다 먹다 효과 없다 같다 이러다 병원 가보다 하다 증상 있다 까다,쌕쌕소리
사다 군대 때 전쯤 가을 겨울 봄 정도 마르다 기침 합 니다 감기 증세 없다 가래 끓다 담배 피다 술 마시다 목 간지럽다 하다 되다 게 속 기침 하다 되다 밤 심하다 기침 잠 하다 시간 정도 자다 먹다 정도 괜찮다 지 기도 하구 알다 폐결핵 기관지염 같다 경우 숨쉬다 때 소리 나다 전 날씨 해지다 밤 늘다 군대 오다 지금 기침 달다 살다 올해 기침 시작 지 주정 늘다 고열 미열 고 가래 끓다 감기 걸리다 없다 게 속 목 하다 기침 와요 이러다 까다,쌕쌕소리
제목 자다 눕다 기침 나다 숨쉬기 숨 들이쉬다 때다 무거 운 느낌 잇다 숨 소리 크다 그리하다 대나 소리 나다 무섭다 하다 엄마 천식 있다 걸리다 하다 천식 병원 다니다 완치 대나,쌕쌕소리
제가 천식 있다 같다 저번 터 감기 걸리다 기침 때 숨 쉬다 학교 운동 달리기 하다 때 숨 죽다 같다 감기 같다 걸리다 숨 쉬다 옆 듣다 애 소리 나다 하다 보건 실 선생님 천식 있다 같다 그러다 같다 곳 검색 해보다 운동성 천식 같다 스트레스 받다 심하다 제가 음주 수련회 가다 수련회 가다 기합 받다 뛰어다니다 뻔 호흡기 베다 토 아이 있다 휴대용 사다 갈다 하다 의사 처방 있다 하다 의사 선생님 처방 어떻다 하다 엑스레이 같다 나다 여 의사 쌔다 처방전 이랑 베다 토 가격 합치다 얼마 정도 나오다 베다 토 작다 처방 베다 토 살다 지금 부모님 출장 중이 시 시다 만약 천식 검사 받다 하다 돈 부족 같다 베다 토 사가 하다 같다 병원 가다 제가 천식 베다 토 처방전 달라다 하다 아다 님 의료 보험 기록 보고 검사 받다 받다,쌕쌕소리
제가 후두염 약 성대 결절 걸리다 늘다 주 정도 되다 같다 기침 하다 지가 그다 이제 가만있다 때 지속적 기침 하다 기침 하다 숨쉬기 힘들다 정도 하다 코 숨 마시다 진정 천식 소리 나다 그렇다 심하다 웃기다 웃다 때 나다 호흡 가빠지다 그러다 침 삼키다 목 미세 통증 느껴지다 목 이물감 남다 병원 가다 사진 찍다 좋다 참고 흡연 증상 나타나다 이후 하루 갑 태우다 반 갑 줄이다,쌕쌕소리
세여 아구 어린이집 다니다 비염 증상 나타나다 시작 전 기침 시작 같다 처음 감기 알다 약 먹다 감기 증상 없다 계속 한번 기침 하다 병원 비염 증상 있다 이야기 막히다 상태 자다 일어나다 막히다 코 숨쉬다 힘들다 경우 많다 달 전 알다 지검 집 먼지 진드기 높다 반응 고 머리 가슴 사진 이상 없다 나오다 자 주 두통 뒤통수 목 위 부분 을 호소 낮 하다 기침 가래 뱉어내다 저녁 잠자리 들다 기침 하다 계속 기침 가래 뱉어내다 한번 기침 나오다 때 연속적 기침 하다 토하다 하다 정기적 며칠 한번 기침 주먹 만큼 많다 양 가래 뱉어내다 하다 피곤하다 자다 때 기침 안하다 자다 날 ㄱ 있다 숨쉬다 때 쌕쌕거리다 소리 약하다 들리다 들리다 하다 저녁 기침 날 소리 심하다 들리다 숨쉬다 힘들다 하다 가슴 목 통증 있다 한약 먹다 중이 평상시 밥 먹다 편식 쉽다 피 하다 하다 밤 자다 때 계속 나오다 기침 잠들다 깨다 저녁 토하다 내기 하다 지켜보다 힘들다 하다 가래 뱉어내다 지내다 하다 사다 꼬마 힘들다 일 같다 병원 비염 있다 코 넘어가다 주변 환경 하다 먼지 피하다 하다 감기 가다 때 항생제 먹다 아니다 많다 양 항생제 시간 먹이다 되다 먹이다 마음 편하다 진료 받다 가 속 해답 없다 같다 약 먹다 먹다 때 증상 완화 약 먹다 코 힘 기침 가래 반복 쌕쌕거리다 소리 계속 약하다 드다 종합 병원 한번 검사 받다 하다 어떻다 하다 하다 모르다 비염 천식 예방 치료 도움 되다 정보 있다 알리다,쌕쌕소리
어리다 때 천식 앓다 날씨 춥다 먼지 많다 곳 가다 숨쉬기 힘 소리 납 니다 흡연 정도 전 가슴 통증 심하다 오른손 들다 손 힘 주다 심하다 아프다 정도 지속 괜찮다 가슴 아프다 등 날개 뼈 부분 아프다 그렇다 그러다 폐 이상 생기다 까다 검사 하다 검사 하다 하다,쌕쌕소리
할머니 연세 시다 요번 폐 남 뼈 그러다 처음 가족 감기 인줄 숨 쉬다 힘들다 시다 하다 헥헥거리다 숨쉬다 때 소리 나다 할머니 병원 덜다 천식 그러다 한약방 가다 약도 짓다 드시다 그러다 약이 안 드시다 근처 조금 하다 크다 병원 덜다 폐 물 찻다 크다 병원 가보 하다 크다 병 원가 물 빼다 보다 폐암 말기 하다 고요 뼈 푸다 수술 어렵다 자리 잇다 적 살다 살다 반 정도 하다 고요 어떻다 방법 없다 돕다 주세 여,쌕쌕소리
천식 증상 궁금하다 물어보다 담배 피다 가래 끓다 숨 깊다 들이쉬다 폐 아프다 무언가 누르다 들다 사람 숨 깊다 들이쉬다 힘들다 숨쉬기 힘들다 봉지 대다 숨 쉬다 있다 예전 한번 호흡 곤란 그러다 있다 달 전 그렇다 같다 숨 쉬다 무언가 심장 폐 누르다 무겁다 느낌 듣다 숨쉬다 떄 거리다 소리 나다 떄 있다 근대 제가 사 정상 병원 가다 길다 그렇다 병원비 없다 만약 천식 처방전 흡입 치료제 사다 있다,쌕쌕소리
어리다 때 감기 걸리다 기침 하다 가래 나오다 가족 호흡기 질환 비염 천식 할아버지 친오빠 앓다 오빠 치료 괜찮다 같다 천식 질환 있다 크다 않다 치료 받다 없다 감기 심하다 걸리다 때 거리다 소리 정 고요 알레르기 비염 있다 먼지 많다 고양 햄스터 옆 가다 눈물나다 콧물 나다 고요 강아지 괜찮다 담배 피다 문제 하루 기침 한번 하다 가래 튀어나오다 히 많다 양 알다 고요 목 가래 차다 느낌 없다 기침 때 쌀 정도 양 가다 비유 없다 기침 때 나오다 문제 히 지식인 답변 보다 같다 질문 남기다,쌕쌕소리
제가 전 계속 기침 하다 목 가래 끼다 느낌 들다 한번 목 하다 눈물 나다 정도 기침 하다 때 있다 관련 있다 모르다 운동 때 한번 하다 호흡 소리 나다 때 있다 식사 직후 약간 구토감 느끼다 때 있다 처음 증상 생기다 때다 당시 인 루 자다 그다 유행 그러다 알다 그다 아니다 같다 장애 있다 장 앤 가다 신경 정신과 가다 장애 하다 장애 약 먹다 기간 동안 잦아들다 같다 몸 전체 무겁다 졸음 오다 정 말로 장애 모르다 어리다 때 터 장애 앓다 오다 느끼다 장애 심하다 약하다 시기 있다 다이렉트 계속 이어지다 질병 아니다 질문 드리다 게다 다르다 장애 증상 최근 동안 사라지다 남다 혹시나 증상 가지다 질병 있다 있다 생각 질문 드리다 다르다 질병 있다 그렇다 병원 가다 하다 검사 받다 되다 검사 하다 경우 비용 대하다 질문 드리다,쌕쌕소리
안녕 아들 키우다 사다 때 감기 기관지 염 폐렴 진행 입원 하다 작년 천식 현재 중국 거주 한국 있다 때 병원 다니다 있다 상황 되다 의료 사고 많다 하다 요즘 차다 바람 불다 심하다 거리 숨소리 한번 들리다 그때 물 배 즙 먹이다 깊다 숨 쉬라 하다 방법 천식 악화 시키다 걱정 되다 저녁 소리 들리다 천공 소리 심하다 재우다 중국 들어오다 전 푸다 미 코트 처방 받다 심하다 쌕쌕거리다 숨소리 들리다 블다 라이저 치료 하다 하다 병원 처방 내리다 주실 때 푸다 미 코트 반 섞다 사다 용하 하다 천공 소리 심 한번 하다 괜찮다 남다 약 있다 안하다 풀 미 코트 한번 사용 며칠 사용 하다 말 듣다 처방 받다 때 소리 하다 풀 미 코트 사용 천공 소리 없다 하다 하다,쌕쌕소리
아가 태어나다 난산 길다 하다 주수 채우다 여아 이제 되다 조리 원 조리 쫒기다 되다 태어나다 지나다 입 벌리다 거리다 자다 코 막히다 콧물 차다 소리 내다 호흡 힘들다 하다 결국 소아과 선생님 회신 돌다 집 가다 좋다 같다 가다 때 크다 병원 들다 르 하다 전날 소아과 다녀오다 하다 말 꼬맹이 코 식염수 같다 넣다 차례 흡입 하다 믿음 가다 하다 같다 속상하다 암 트다 집 돌아오다 우유 먹이다 계속 거리 숨 넘어가다 같다 표정 얼굴 빨개지다 새벽 소화 아동 병원 엘 가다 별다르다 말씀 없다 아가 라 약 쓰다 없다 흡입기 사용 자제 하다 식염수 처방 하다 집 심 때 식염수 넣다 울리다 코 눌르다 나오다 빼주다 많다 코 생성 빼주다 그러다 그러다 최근 지인 바이러스 관하다 듣다 아가 라 걱정 많다 열 없다 먹다 코 막히다 비하다 자다 어다 들다 지키다 보다 하다 두다 되다 병원 엘 가보다 하다 최근 먹다 때 먹다 낳다 후 기침 하다 재채기 하구 게 도움 되다 조언 부탁 드리다 경험 없다 아가 죽다,쌕쌕소리
시작 감기 달 정도 지속 기침 멈추다 병원 갈다 폐렴 기관지염 하다 열 없다 기침 거치다 호흡 바람 빠지다 소리 이 있다 처방 약 먹다 통원 지료 하다 일교차 심하다 날 재채기 기침 하다 잠 깨다 하다 그렇다 지내다 날 밤 가슴 통증 이전 다르다 느껴지다 갈비뼈 누르다 아프다 부위 있다 깊다 숨 쉬다 바르다 자세 유지 하다 통증 심하다 자세 유지 고통 덜하다 눕다 때 통증 있다 병원 처방 약 약국 진통제 먹다 토요일 정도 운전 하다 되다 집 근처 주유소 주유 집 가다 과정 하다 파열음 같다 들리다 통증 심하다 기침 재채기 안하다 버티다 멈추다 해대 재채기 기침 두렵다 정도 기침 참다 호흡 최대한 얕다 해보다 거리다 기침 하다 하다 상황 오고 진통제 이전 효과 없었다 약국 진통제 하루 최대 복용 가능 하다 시간 먹다 통증 나아지다 일요일 약 먹다 가다 버티다 오늘 진료 시작 오전 잠 한숨 잔채 병원 가다 마이 폴 캡슐 약 받다 먹다 시간 정도 참 만하다 통증 되다 기침 줄어들다 병원 아니다 곳 코데인 약 알 얻다 오늘 하루 마이 폴 코데인 먹다 오후 동안 시간 잠 편하다 자다 있다 의사 아니다 전문 지식 없다 제가 판단 에다 기침 재채기 인하다 늑골 골절 부위 신경통 같다 의사 분 정도 강하다 진통제 처방 인색 골절 덜다 알다 덜다 간 치료 과정 진통제 다르다 제제 처방 합병증 자연 치유 하다 급성 폐렴 여전 경험 열 없다 폐렴 가능 제가 다니다 종합 병원 호흡기 내과 없다 흉부 외과 진료 주간 통원 치료 받다 주 되다 때 진통제 효과 없다 평상 호흡 때 힘들다 눕다 때 통증 느끼다 의사 전달 하다 진통제 같다 주다 경우 늑골 골절 신경통 인하다 증상 보기 무리 따르다 주 스트레스 받다 신경질 글 작성 되다 이점,쌕쌕소리
감기 걸리다 같다 느낌 이상 올리다 엔 일하다 재채기 재채기 맑다 콧물 나오다 코 간지럽다 하루 사이 재채기 양이 늘다 가다 목 아프다 첨 멀다 알다 지가 잇다 가하다 대수롭다 다음날 살다 친구 감기 올다 앗다 어다 늘다 자다 일어 낫다 목 찢어지다 물 먹다 갈증 해소 안 목 아프다 짜증 참다 잇다 저녁 열 오르다 하다 코 맥 히 랩 니다 밤새 식은땀 빼다 일가 되다 열 나름 자연 처방 다그다 담 날 일어 보다 열 내리다 해지다 재채기 안하다 평소 더위 타다 몸 원상태 드다 구 콧물 엿 플러스 기침 기침 이상 예전 기침 하다 지금 소리 나다 뜬금 가슴 죄다 오다 기침 한번 멈추다 숨쉬기 기침 때 목 아니다 가슴 기침 가슴 목 아프다 가다 가래 잇다 같다 목 서다 가래 끓다 올라오다 없다 목만 아프다 코 콧물 차다 잇다 기침 그리다 콧물 푸다 때 코피 아다 늘다 코 맑다 콧물 찐득거리다 거랑 피 섞이다 나오다 단순 감기다,쌕쌕소리
숨쉬다 때 폐 아프다 숨 쉬다 낫다 소리 나다 목감기 낫다 다그다 천식 끼 보이다 병원 방문 하다 소리 낳다 원래 천식 있다 갈다 천식 맞다 소리 나다 천식 하다 그리다 천식 초기 때 먹다 약 주다 먹다 심장 박동 평소 뛰다 달리기 천식 초기 먹다 약 이렇다 어제 저녁 손 떨리다 천식 맞다 다르다 병원 가보다 하다,쌕쌕소리
안녕 고 올라가다 하루 개 흡연 하다 그러다 폐 병 떠오르다 자가 진단 이렇다 해보다 정확 지도 모르다 제가 소리나다 조금 폐암 자가 진단 하다 뒤 가다 숨쉬기 힘들다 같다 흉부 왼쪽가슴 오른쪽 가슴 정중앙 아프다 무섭다 폐암 초기 증상 나이 무섭다 그렇다 병원 진단 비 얼마 진단,쌕쌕소리
있다 숨차다 기침 하다 그리다 숨쉬다 때 가슴 소리 나다 전 크다 병원 가다 한 작년 검사 받다 코 콧물 넘어가다 그렇다 하다 명치 막히다 같다 느낌,쌕쌕소리
지금 달 되다 같다 하루 아니다 이틀 한번 폐 안 가래 끓다 소리 숨쉬다 때 하품 때 크다 소리 그리다 기침 노랗다 가래 알갱이 나오다 그러다 시간 지나다 괜찮다 시간 지나다 괜찮다 하다 내버려두다 달 늘다 호전 기미 보여 안 좋다 병인 지도 모르다 병원 가보다 약 짓다 먹다 별 효과 보다 설명 하다 주세,쌕쌕소리
숨 허 하다 내쉬다 때 소리 나다 기침 어쩌다 때 나오다 갑자 목 하다 기침 심하다 합 니다 가래 아침 누렇다 가래 나오다 여 목 가래 걸리다 같다 불편 담배 피다 지금 피다 주 정도 고요 등 날개 뼈 양쪽 결리다 통증 있다,쌕쌕소리
고 되다 여학생 어리다 때 폐 기관 지가 안 좋다 듣다 폐 기관지 애기 때 입원 하다 적도 있다 하다 그렇다 제가 이유 모르다 기침 끊이다 이주 전쯤 감기 심하다 걸리다 곳 낫다 목 통증 없다 기침 끊이다 아니다 감기 앓다 기침 달 넘다 가요 기침 친구 여성 하다 우 어다 어업 담배 피다 아저씨 기침 나오다 가래 끓다 담배 피다 느다 소리 듣다 정도 담배 같다 절 피고 담배 근처 가다 기침 안 때 기침 심하다 숨 쉬다 기침 시작하다 구역질 나오다 때 하다 가슴 하다 정도 해지다 숨 쉬다 때 있다 호흡 소리 소리 날다 보다 천식 같다 작년 건강 검진 받다 때 약 간의 비염 있다 하다 감기 약도 안 들다 죽다 감기 안 걸리다 때 이렇다 때 늘다 가요,쌕쌕소리
전 부산 살다 사다 여자 전 걸리다 감기 지금 비염 오다 만성 같다 심하다 지면 천식 되다 스트레스 받다 폐 좋다 혈압 낮다 나오다 저번 엄마 가다 거리 소리 천식 천식 같다 청진 기로 데 기만 검사 같다 안하다 확신 알다 가요 일반 비염 감기다 힘 드러다 증상 숨쉬다 힘들다 코 쉬다 숨 막히다 심장 조이다 같다 줄넘기 같다 운동 하다 울다 정도 숨 가쁘다 숨 시다 밀폐 공간 창문 닫히다 교실 숨 막히다 바람 쐬다 해 한숨 쉬다 일상 되다 검사 받다 천식 알다 보호자 갈수 없다 혼 자가 어떻다 안되다 안 보호자 가야 하다 어른 때 방치 낫다 같다,쌕쌕소리
보통 때 증상 없다 운동 하다 되다 엄청나다 숨 빠르다 가쁘다 뛰다 죽다 정 도로 하늘 노래지다 힘들다 가슴 아프다 숨쉬기 힘들다 짐 가슴 가래 끓다 소리 소리 나다 가래 나오다 상 테 운동 하다 되다 가래 나오다 동시 희다 좁쌀 덩어리 올라오다 비린 맛 올라오다 그러다 운동 하다 다음날 일어나다 되다 때 목 붓다 감기 걸리다 아푸다 약 지속 이 증상 기관지염 심하다 앓다 생기다,쌕쌕소리
엊그제 기침 숨 쉬다 하다 가래 나오다 목 아프다 목 밑 쪽 기침 때 아프다 숨쉬다 때 소리 나다 감기 치다 심하다 의사 쌔다 기관지염 감기 하다 아프다 심하다 크다 병원 사 정상 가다 폐렴 일수 있다 피 나오다 겁 지구 원래 이틀 낫다 나도 낫다 부탁,쌕쌕소리
아침 일어나다 시간 잠들다 전 시간 동안 목 하다 기침 터져나오다 투명 가래 나오다 천식 폐렴 앓다 있다 숨 크다 들이마시다 가슴 소리 나다 폐 가렵다 기침 하다 되다 힘들다 만성 이러다 까다 같다 환경 사람 그러다 기침,쌕쌕소리
감기 걸리다 일주일 정도 되다 어제 숨 트다 들이쉬다 ㄱ 소리 나다 호흡 힘들다 오늘 아침 일어나다 기침 하다 때 가래 노다 연두색 가래 코 크다 들이마시다 가래 끼다 기침 나오다 힘들다 감기 걸리다 체질 소리 때 지르다 목 쉬다 평소 비염 달다 살다 비염 정돈 아니다 약해 가래 조금 줄이다 있다 예 방법 알다 주세 그리다 병원 가야,쌕쌕소리
안녕 하세 초 여 감기 걸리다 같다 약 먹다 기침 심하다 숨쉬다 때 소리 가요 정확 답변 부탁드리다,쌕쌕소리
되다 남자 아이 이상 기침 종일 아침 저녁 새벽 심하다 시작하다 멈추다 때 힘들다 하다 밥 먹다 하다 먹다 퇴근 오다 엄마 젖 먹다 먹다 없다 어린이집 선생님 서다 아이 가슴 소리 강아지 소리 나다 하다 아이 업다 등에 소리 느낌 나다 열 없다 동네 소아과 입원 권하다 하다 어떻하다 하다 모르다,쌕쌕소리
제가 흡연 한지 넘다 하다 전 늘다 줄담배 피우다 한번 개피 하다 전 밤 되다 기침 심하다 잠 자다 정도 최근 달 전 가래 많다 눕다 숨 쉬다 소리 나다 달 전 늘다 왼쪽 팔꿈치 아프다 심 때 표현 하다 팔 움직이다 때 하다 되다 팔 같다 가다 병원 가보다 하다 그리다 병원 가다 엑스레이 찍다 알다 있다 검사 비용 비싸다 하다 당장 요번 달 잘살다 살다 입장 비용 걱정 사실 앞서다 답변 부탁드리다,쌕쌕소리
안녕 여대생 입다 다르다 지금 천식 있다 치료 받다 천명 음 소리 전 잠깐 조금 들리다 들리다 하다 요즘 그러다 기 침도 심 낮 괜찮다 아침 때 밤 가슴 숨쉬기 힘들다 기침 납 니다 어지럽다 하다 컨디션 따르다 줄 때다 그러다 아 전 담배 술 하다 여 아토피 있다 알 르 레 비염 원래 없다 생기다 요즘 치료 받다 나아지다 싶다 심하다 하다 숨 차고 호흡 곤란 오고 며칠 사이 그러다 같다 지금 제가 레 타이드 베다 토 사용 치료 나아지다 기미 보이다 계속 치료 하다 되다 답 변 주다 힘들다,쌕쌕소리
임신 주 임산부 어리다 때 호흡기 좋다 감기 고생 하다 실제 병원 의사 선생님 기관지 약하다 소리 듣다 최근 감기 걸리다 코 감기 목감기 증상 목 구멍 아니다 밑 가래 붙다 느낌 기침 하다 가래 떨어지다 숨 쉬다 때 거리다 소리 나다 호흡기 내과 방문 그때 기관지염 호다 날리다 패치 처방 받다 붙이다 호다 날리다 패치 붙이다 숨쉬기 증상 좋아지다 임신 감기 옮다 같다 증상 목 아래 부분 가슴 윗부분 가래 붙다 느낌 기침 하다 가래 떨어지다 숨 쉬다 때 거리다 소리 나다 숨쉬기 힘들다 가래 붙다 느낌 나다 뱉다 내리다 하다 뱉다 질다 숨쉬다 힘들다 때 기침 일시적 느낌 들다 괴롭다 하다 기계 없다 약 없다 집 남 호다 날리다 패치 없다 힘들다 어떻다 하다 하다,쌕쌕소리
제가 이틀 전 장거리 운전 하다 하다 몸 피로 하다 에너지 드링크 마시다 그때 심장 뛰다 식은땀 나다 가슴 해지다 온몸 근육 마비 느낌 받다 장 거리 운전 멈추다 심호흡 하다 뒤 운전 하다 반복 그날 숨 깊다 들이마시다 하다 목 무언가 막다 느낌 듣다 숨 쉬다 지지 시간 하다 약국 들리다 조언 구하다 운전 하다 호흡 곤란 오다 에너지 드링크 함유 다량 부작용 있다 하다 병원 가보다 호전 기다리다 흉부 통증 부정맥 혈압 정상 돌아오다 호흡 불편 느끼다 숨 크다 쉬다 산소 부족 느낌 들다 담배 하루 반 갑 정도 피다 이틀 전 이후 하루 정도 줄이다 어리다 천식 앓다 있다 재발 걱정 숨쉬다 때 거리다 소리 들리다 수면 시 불편 없다 앉다 운전 때 불편 느끼다 답변 기다리다 감사,쌕쌕소리
목 거리다 기침 평소 기침 자다 숨넘어가다 기침 기침 소리 어쩌다 어쩌다 소리 나다 숨 차다 안구 가슴 통증 없다 병원 가보다 라이 런 소리 마시다,쌕쌕소리
출산 일 예 모유 수유 모유 먹다 잠 들다 세우다 트림 이때 아가 잠 빠지다 보다 애기 눈 흰자 보이다 눈알 굴러다니다 꿈꾸다 흰자위 보이다 뜨다 감다 그리하다 옆 아가 그러다 애 그다 드다 구 검정 눈동자 반보 흰자 보이다 자패 애기 숨 쉬다 때 목 가래 있다 소리 거리다 하다 간 호사가 애기 소리내다 숨쉬다 코딱지 차다 빼주다 그러다 모유 수유 가래 끼다 몰다 시다 모유 먹다 때 정도 빨다 쉬다 숨쉬다 빨다 그리하다 하루 그러다 아니다 그러다 아이 이상 있다 아니다,쌕쌕소리
오래되다 일 엄마 숨 쉬다 때 모 르 늘다 웃다 어쩌다 때 이야기 때 숨 깊다 들이쉬다 때 소리 걱정 병원 가보 하다 이상 없다 하다 병원 가보다,쌕쌕소리
올해 알레르기 비염 있다 심 때 약 복용 그러다 최근 수영 다니다 이후 야간 차갑다 공기 마시다 콧물 나오다 가래 목 걸리다 콧물 목 뒤 넘어가다 후 비루 증상 나타나다 병원 가다 비염 축농증 넘어가다 단계 진단 받다 코 풀다 코 안쪽 살 부분 붓다 하다 그리하다 다음달 붓다 부분 제거 수술 받다 예약 하다 제가 요 근래 헬스 다니다 마지막 런닝 머신 뛰다 콧물 목 뒤 넘어가다 심하다 가래 그렁거리다 숨 들이마시다 때 거려 숨쉬다 안되다 가래 막다 느낌 하다 되다 만하다 런닝 머신 뜀뛰기 하다 정도 뛰다 있다 축구 좋아하다 매 주 축구 하다 가래 숨쉬다 힘들다 때 있다 요즘 축구 쉬다 수술 하다 전 런닝 머신 뛰다 때 콧물 넘어가다 거리다 멈추다 수 있다 방법 없다 아다 그리다 저러다 증상 반복 천식 같다 오다 있다 천식 오다 달리다 운동 제대 못 대처법 알다 주세,쌕쌕소리
도 가까이 폐 소리 나다 머리 두통 있다 몸살 기운 있다 가래 끓다 증상 안 유자 차가 증상 효능 있다 알려주다 감사,쌕쌕소리
남자 친구 자다 때 땀 흘리다 요 일어나다 이불 베다 가다 정도 예 그렇다 몸 뜨겁다 시 원해 그렇다 잠자다 때 덥다 하다 이러다 일상 생활 하다 그러다 자다 때 숨 쉬다 때 가슴 소리 나다 숨 힘겹다 코 막히다 숨 힘겹다 쉬다 쉬다 때 말구 걱정 되다 알려주다,쌕쌕소리
지금 간밤 증상 생기다 잠 자서 지식인 올리다 증상 생기다 정도 되다 같다 있다 일 하다 달 있다 말다 잊다 이러다 증상 자다 전 괜찮다 자다 도중 기관지 하다 느낌 인하다 기침 하다 되다 누렇다 가래 나오다 하다 경우 눕다 숨 쉬다 목 소리 나다 목 가슴 가렵다 앉다 증상 완화 되다 출근 하다 잠 자다 하다 그러다 기침 가려움 깨다 하다 자지 병원 가다 좋다 한데 아침 지나다 괜찮다 다반 사고 증상 있다 그다 가게 되다 참고 강아지 시 키우다 키우다 반 정도 되다 강아지 원인 같다 특별 환경 변화 있다 이러다 문제 모르다,쌕쌕소리
제가 숨쉬다 때 목 소리 나다 병원 그렇다 천식 하다 가슴 숨쉬기 힘들다 천식 없애다 방법 없다 천식,쌕쌕소리
원래 천식 그렇다 막심 아니다 약 다니다 늘다 그저께 전기장판 안 키다 자다 엄마 테 기관지염 옮다 증상 똑같다 말하다 숨가쁘다 걷다 계단 두개 올르다 가도 숨 가쁘다 천식 기관지 염 해지다 그러다 천식 비상약 가지다 잇다 때 계속 복용 하다 효과 없다 숨쉬다 소리,쌕쌕소리
제가 감기 걸리다 정도 전 폐렴 걸리다 있다 기침 흉부 아프다 숨 실 때 소리 나다 숨 내쉬다 때 소리 열도 나다 글다 기침 때 피 맛 무엇 모르다 이상 맛 느껴지다 병원 가보다 되다,쌕쌕소리
제가 옛날 천식 있다 심하다 응급실 갈다 하다 최근 그러다 천식 오다 같다 기침 심하다 소리 나다 그리다 차갑다 음식 먹다 안되다 어떻다 하다 되다,쌕쌕소리
제가 있다 목 간지럽다 기침 시작하다 얼굴 빨개지다 기침 멈추다 예전 증상 있다 요즘 듣다 빈도 높다 천식 초기 증상 알아보다 숨쉬기 어렵다 숨쉬다 때 소리 나다 병원 가보다 하다 참고 전 비염 있다 흡연 하다 가족 명이 흡연자 입다,쌕쌕소리
전 가다 아침 목 아프다 마르다 기침 잇다 낫다 하다 기다리다 어제 이비인후과 슬다 감기 하다 집 오다 후 약 먹다 잣다 열도 나다 머리 아다 슬다 그리다 숨 최대한 들이키다 목 폐 아프다 어쩌다 때 숨쉬다 때 소리 들리다 기침 심하다 배 알 베 길 정 도로 그리다 방 구도 나오다 병 걸리다,쌕쌕소리
숨쉬다 때 비염 코 숨쉬기 힘들다 입 쉬다 그렇다 크다 소리 나다 뛰다 후 심장 뛰다 기침 오구 한숨 쉬다 크다 숨 들이마시다 내쉬다 제대 숨쉬다 같다 밤 가슴 숨쉬기 힘들다 잠 잔적 있다 목 가래 끼다 같다 목가 다듬다 버릇 되다 천식 아니다 증상,쌕쌕소리
유기 견 데리다 늘다 생각 깨끗하다 씻기다 밥 늘다 계속 구석 갈리다 구하다 바닥 자다 떨다 소리 내다 아프다 애 나이 진돗개 새끼 정 되다 같다,쌕쌕소리
안녕 여 학생 일전 감기 걸리다 숨 쉬다 때 가래 끓다 거리다 소리 나다 기침 때 가래 끓다 소리 심하다 기침 때 가슴 아프다 폐렴 병원 가보다 되다 빠르다 답변 부탁 드립 니다,쌕쌕소리
안녕 여이다 요즘 가슴 심하다 쪼이다 옷 입다 숨쉬다 힘들다 숨 차다 느다 느낌 받다 입 숨쉬다 심하다 최근 피검사 알다 지세 포 높다 진단 을 받다 평소 약 비염 있다 이비인후과 의사 선생님 청진기 소리 들어보다 폐 이상 없다 축농증 있다 소리 들리다 천식 자다 발작 일으키다 자다 하다 병원 선 비염 숨쉬다 어렵다 느끼다 가슴 이유 가슴 근육 긴장 그러다 진 짜다 천식 피검사 호흡 소리 확인 답변 부탁,쌕쌕소리
엄마 아프다 폐결핵 목 소리 들어보다 마음 아프다 금방 죽다 사람 같다 엄마 평소 고지혈증 당뇨 천식 몸 좋다 식당 하다 당 떨어지다 그러다 밥 같다 거르다 은 식은땀 같다 흘리다 천식 심하다 기침 한번 숨넘어가다 하다 고지혈증 병원 약 같다 처방 받다 드시다 하다 효과 없다 같다 집안 병력 알아보다 하다 들다 돌아가시다 유방암 병원 가다 염증 같다 생기다 당장 수술 하다 되다 그러다 아프다 많다 불평 불만 하다 없다 평생 어렵다 그리하다 사다 신분 아프다 장 사르다 하세 하다 밥 먹다 하다 말 하다 그러다 힘 듣다 힘들다 잊다 술 드시다 애기 구 제가 알다 제가 음식 챙기다 하다 좋다 좋다 모르다 폐결핵 고지혈증 당뇨 천식 좋다 음식 있다 매이다 밤 잠 이루다 이렇다 엄마 당장 일 생기다 보다 이 병이 생기다 같다 이렇다 잘못되다 전 살다 없다 꺼 같다 선생님 도와주다 제가 해 드리다 있다 있다,쌕쌕소리
제가 방학 때 외국 가다 전 감기 걸리다 기침 하다 어리다 때 기관지 약하다 스다 기관지염 가다 원래 정도 후 잦아들다 몸 피곤하다 그렇다 기침 하다 되다 토하다 가슴 아프다 하다 증가 결국 곳 수도 있다 한인 병원 가다 의사 선생님 돌팔이 어쩌다 생각 들다 잠시 의사 선생님 한국 소아과 의사 선생님 잘하다 이야기 있다 안심 진료 받다 결과 천식 천식 소리 들리다 기관지 약하다 천식 이야기 처음 듣다 숨 거리다 믿다 시 갑 하면서 약도 받아먹다 하다 이상 흡입기 같다 없다 약발 받다 한국 돌아오다 약 떨어지다 학교 보다 기침 심하다 병원 가다 저번 심하다 요양 차원 병원 천식 소리 들리다 기관지염 심하다 하다 어떻다 하다 하다 증상 말하다 격 운동 후 나다 감기 걸리다 때 기침 심하다 하다 눕다 때 몸 상태 좋다 보건 실 가다 때 보건 선생님 숨차다 여쭈다 보시다 정도 호흡 짧다 기침 후 가슴 숨소리 제가 듣다 사람 똑같다 의사 선생님 진료 받다 때 몸 상태 느끼다 다르다 하다 어떡하다,쌕쌕소리
처음 목 아프다 원래 알레르기 비염 있다 코 늘다 콧물 나오다 시작 처음 감기다 하다 가래 나오다 시작 기침 심하다 목 소리 완전 가라앉다 가슴 쇳소리 밤 심하다 그리다 증상 초반 열 잇다 오한 그러다 병원 가다 늘다 별말 없다 이틀 뒤 오다 보라 여 단순 감기,쌕쌕소리
어머님 천식 애 입원 썰다 대 낫다 따다 하다 쓰다 지금 기침 안하다 가래 나다 와요 어머님 주무시다 때 소리 나다 고요 숨 차다 하다 천식 재발 천식 초기 증상 이 나타나다 말기 대면 증상 나타나다 답변 부탁,쌕쌕소리
땅콩 알다 질다 아토피 증상 심 해산물 계란 먹이다 아침 숨쉬다 소리 이상 죽다 직전 노인 내쉬다 숨소리 소리 옆 있다 들리다 정도 입 다물다 숨 입 쉬다 같다 감기 걸리다 자다 눕다 느다 어다 갈다 기침 시작하다 멈추다 아이 자다 잘못 가능성 있다 인지 능력 발달 사항 정상 부모 치료 안하다 방치 이야기 치료 시작 같다 알려주다,쌕쌕소리
제가 청소년 학교 히터 튿다 때 기침 나오다 심하다 친구 저다 보다 죽을병 걸리다 묻다 기침 나오다 숨 가빠지다 기침 멈추다 있다 방법 물 마시다 밖 나가다 공기 쐬다 면 나아지다 가래 끓다 말하다 없다 정도 나오다 천식 숨 쉬다 때 소리 나다 하다 없다 같다 증상 천식 증상 오늘 버스 타다 결국 버스 내리다 일어나다 ㅎ 증상,쌕쌕소리
어리다 때 터 지금 시간 숨쉬다 방해 받다 학교 생활 사회생활 지장 주다 정 도구 인하다 두통 피곤 무기력 느끼다 설명 쉽다 그림 화살표 넣다 숨쉬다 때 화살 표 찍다 부분 소리 납 니다 숨쉬다 떄 곳 공기 전달 방해 받다 소리 천식 환자 목 호흡 되다 때 소리 있다 소리 처음 천식 오인 치료 받다 차 도가 없다 화살표 지점 의지 공기 흐름 원할하다 쪼이다 감각 느끼다 전 이비인후과 호흡 힘들다 진찰 받다 코 속 내시경 넣다 구조상 문제 없다다 말씀 전 숨쉬다 고통 크다 받다 이후 문제 느끼다 화살표 있다 곳 통과 거리 소리 나다 걸 확신 하다 코 속 기형 있다 내시경 부분 이상 여부 관찰 안되다 제가 검사 받다 정확 원인 알다 있다 이 증상 천식 심장 검사 폐 검사 정신과 다 검사 이상 발견 의사 선생님 돕다,쌕쌕소리
제목 자다 숨 막히다 잠 깨 잠 깨다 기침 해 가래 나오다 때 숨 쉬다 소리나다 어제 병원 증상 이래 말씀 폐 사진 찍다 말씀디리다 하다 찍다 상담 받다 이상 없다다 하다 제가 기관지 같다 말씀 감 기억 제약 주일 처방 하다 첨 담배 피우다 반 갑 피다 말씀 고 끊다 도움 되다 하다 모르다 병원 내방 하다 그다 그렇다 약 먹다 진전 없다 집 오다 길 생각 하다 약 처방 고 잠 깨다 자다 잇다 하다 기분 내심 늘다 지금 새벽 반 넘기다 깨다 이렇다 글 적다 잇다 병원 잘못 아니다 몸 약이 안받다 도와주다,쌕쌕소리
비염 심하다 여성 지금 해외 거주 술 일주일 정도 마시다 과음 하다 그리다 담배 끊다 되다 알레르기 비염 심하다 콧속 뿌리다 비염 약 사용 있었다 최근 환절기 보다 밤 찬바람 쐬다 자전거 타다 천식 기관지 확장제 사용하다 저번 주 이유 모르다 기침 계속 가래 심하다 나오다 마르다 기침 하다 하다 목 건조 느낌 들다 기침 나오다 잠자다 때 기침 잠 깨다 눈물 나오다 정도 심하다 기침 하다 이러다 상황 목도 안 아프다 열 없다 머리 아프다 기침 말다 아프다 곳 없다 병원 가지다 기침 원인 알다 있다 참고 집안 가습기 틀다,쌕쌕소리
고양이 알레르기 정 확인 모르다 어제 고양이 안다 되다 눈물 나다 눈 붓다 천식 숨쉬다 때 소리 나다 코 힘 콧물 머리 어지럽다 오늘 자다 통증 느껴지다 일어나다 가슴 중앙 배꼽 위 통증 쉬다 느껴지다 호흡 들이쉬다 힘들다 알다 있다 눕다 아프다 같다,쌕쌕소리
제가 저번 주 금요일 밤 감기 고생 하다 일주일 지나다 지금 까다 기침 가래 있다 학교 기침 잘못하다 고 교실 애 눈치 장난 애 메 하다 놀리다 병원 감기다 하다 결정짓다 일주일 이상 지속 기침 가래 문제 있다 병원 가보다 하다 아이디 엄마 꺼 정보 엄마 뜨다,쌕쌕소리
코 휘파람 소리 나다 코뼈 휘다 가여 그러다 여 만약 뼈 휘다 수술 하다 냅두다 휘다 여 자연 조아 지진 않다 코뼈 휘다 그렇다 멀다 라,쌕쌕소리
아프다 곳 없다 이틀 전 기침 나다 목 따갑다 정도 기침 계속 아침 일어나다 때다 목 아프다 눕다 목 가 걸리다 느낌 나다 레몬 티 마시다 보다 집안 환기 시키다 물 적시다 수건 널다 보다 하다 기침 사라지다 기침 때 가다 소리 나다 같다 하다 소리 하다 아다 제가 비염 증상 있다 하다 문제 있다,쌕쌕소리
안녕 남자 담배 피다 갑 피다 반 갑 정도 피다 아기 때 천식 있다 부모님 그러다 담배 중학교 때 피다 조금 피다 피다 보다 되다 고등 학교 때 담배 피다 숨쉬기 힘들다 자다 깨다 그리하다 병원 가다 기관지 염 하다 후 담배 정도 끊다 군대 가다 전역 때 피다 전역 금연 요즘 담배 달 가량 개 피다 피다 때 숨쉬기 불편 그러다 비염 있다 가래 넘어가다 오르막길 계단 오르다 때 숨쉬기 불편 느끼다 숨쉬다 때 소리 나다 불편 담배 피다 때 괜찮다 폐암 비염 가래 넘어가다 그러다 답변 하다 감사,쌕쌕소리
제가 자주 아니다 서다 숨쉬기 한 스다 쉬다 크다 숨 쉬다 하다 쉬다 어지럼증 느끼다 하다 아토피 있다 천식 걱정 되다 스트레스 같다 이증 스트레스 진 모르다 가슴 찌르다 증상 있다 때 있다 감기 걸리다 최근 감기 걸리다 때 기침 감기 심하다 잠 자다 정도 마르다 기침 하다 평소 기침 하다 그리다 체력 좋다 편이 여 진 몰르다 달리기 하다 숨 차다 천식 소리 나다 그다 밖 소리 멀다 느껴지다 숨 소리 들리다 느낌 대부분 달리기 그렇다 천식 심하다 위험 없다 질문 천식 맞다 스트레스 아다 님 아무것 질문 쌕쌕거리다 느낌 가요 질문 달리기 쌕쌕거리다 느낌 질문 천식 고 심 위험 없다,쌕쌕소리
쯤 아침 한번 위장약 먹다 요즘 가 레 나오다 영향 있다 숨쉬다 소리 나다 담배 하루 갑 정도 피우다,쌕쌕소리
일주일 전 감기 춥다 기침 머리 아프다 열도 나다 흉통 심하다 숨쉬다 때 기침 때 가슴 쑤시다 숨쉬다 때 거리다 소리 나다 기침 때 쇠소리 나다 구역질 가래 많다 이러다 증상 일주일 정도 지속 흉 통 기침 하다 그러다 있다 덜다 가벼운 감기 폐렴 증상 내공 걷다,쌕쌕소리
일주일 전 감기 춥다 기침 머리 아프다 열도 나다 흉통 심하다 숨쉬다 때 기침 때 가슴 쑤시다 숨쉬다 때 거리다 소리 나다 기침 때 쇠소리 나다 구역질 가래 많다 이러다 증상 일주일 정도 지속 흉 통 기침 하다 그러다 있다 덜다 가벼운 감기 폐렴 증상 내공 걷다,쌕쌕소리
위 뜨다 정보 모바일 바꾸다 없다 보다 현재 이제 여 학생 옛날 태어나다 때 천식 가지다 태어나다 초등학교 때 까다 하다 심 불편 느껴지다 정도 아니다 감기 한번 오다 때 천식 오다 하다 천식 있다 지도 모르다 그리하다 학년 때 수련회 때 추운 바다 들어가다 놀다 바다 속 놀라다 하다 제가 추위 타다 심하다 떨다 놀다 거리다 소리 심하다 들리다 급하다 응급 조치 하다 곳 가다 천식 하다 전 까다 하다 이렇다 경우 없다 당황 문제 이후 그러다 체육 선생님 말 듣다 운동 장만 넘다 돌다 있다 숨 막히다 거리다 소리 나다 숨 쉬다 힘들다 한번 아니다 천식 학교 응급실 가보다 운동 부족 제가 아빠 체력 늘리다 운동 하다 달라지다 없다 방학 때다 운동 하다 개학 운동 하다 시간 없다 운동 하다 천식 오다 오다 몸 저리다 걷다 힘들다 정도 힘들다 어떠다 날 심하다 보이다 보이다 어지럽다 이번 왕복 달리기 걱정 체육 시간 달리기 하다 천식 오다 보다 걱정 되다 처음 천식 오다 하다 엄마 아빠 직장 말하다 학교 오시다 이렇다 걱정 끼치다 천식 무엇 모르다 병원 가도 별 이상 없다 하다 어떻다 하다 이렇다 고치다 있다 다니다 병원 약 처방 받다 오다 하다 소용 없다 보다 실 응급 실가 산소호흡기 같다 꽂다 숨 편하다 쉬다 있다 달리기 같다 심하다 하다 천식 오다 있다 해지다 어떻다 하다 하다 달리기 같다 하다 천식 심하다 경우 있다 경우 어떻다 노력 조금 나아지다,쌕쌕소리
공황 장애 두렵다 하다 숨 차다 가슴 목 좁다 느낌 입술 심하다 경우 어둡다 앞 돋다 여 일어나다 숨쉬다 때 가슴 소리 밤 심하다 낮 심 바람 빠지다 소리 나다 여 예전 천식 앓다 있다 기침 심하다 여 천식 여,쌕쌕소리
일 신생아 모유 수유 수 유 하다 낳다 후 급하다 먹다 되다 때 많다 가래 끓다 소리 나다 그러다 가래 끓다 소리 나다 같다 요즘 거품 되다 침 입 밖 되다 침 생기다 가래 소리 나다 좋다 병원 가보다,쌕쌕소리
남자 친구 일전 자다 전 마르다 기침 하다 어제 늘다 급격 숨 쉬다 들이마시다 때 바람 빠지다 소리 나다 숨 쉬다 힘들다 하다 찾아보다 천식 증상 하다 천식 햄스터 최근 달 전 키우다 햄스터 천식 오다 있다 내이다 병원 가다 긴하다,쌕쌕소리
안녕 하세 증상 생기다 모르다 전이 긴하다 최근 듣다 심하다 질문 올려보다 병원 가보다 하다 맞다 최근 달 갈다 일 바쁘다 시간 날다 증상 목 가래 걸리다 이물감 있다 숨쉬다 때 소리 납 니다 숨 들이키다 때 숨 들이키다 소리 숨 세다 바람세 소리 들리다 숨쉬기 하구 숨 부드럽다 쉬다 술 마시다 아침 일어나다 직후 수면 심하다 일상생활 그렇다 느껴지다 술 마다 경우 숨쉬기 힘들다 정도 숨 쉬다 지구 자다 중 가슴 소리 나다 숨쉬기 힘들다 잠 깨다 정도 그러다 기침 번하다 괜찮다 하다 날 에다 심 감기 같다 걸리다 가슴 그르렁거리다 소리 나기 하다 요즘 자다 때 그러다 천식 아니다 가래 많다 그러다 아침 가래 나오다 하다,쌕쌕소리
정도 기침 콧물 멈추다 밤 아침 심하다 심하다 허다 때다 목과 가슴 사이 안이 쓰다 기침 노란색 가래 열 없다 기침 잠 이루다 심하다 내이다 발 수술 하다 하다 하다 있다 부탁 드립 니다 숨쉬다 깨 소리,쌕쌕소리
폐암 정도 흡연 고등학교 재학 중인 학생 듣다 기침 하다 횟수 많다 목 쉬다 흉 통 잇다 가래 뱉다 피 섞이다 나오다 원래 근육통 늘다 어깨 결리다 피곤 생각 하다 학교 집 예전 놀다 피곤 한지 몰다 늘다 요즘 피로감 느껴지다 그리다 숨쉬다 소리 나다 담배 피다 그러다 몸 갑작스럽다 발열 잇다 폐암 담배 하루 갑 반정 피우다,쌕쌕소리
제가 전 쯤 키우다 고양이 알레르기 동네 병원 치료 받다 엑스레이 폐 기능 검사 후 천식 진 받다 레 타이드 사용하다 그러다 고양이 분양 보내다 한동안 괜찮다 최근 감기 걸리다 소리 나다 숨 쉬다 불편 천식 같다 같다 병원 가다 그러다 분의 의사 평소 진료 받다 말다 증상 말하다 레 타이드 처방 내다 엑스레이 검사 하다 하다 있다 하다 되다 하다 진해 거담제 항 알다 지제 주신 거지 마다 처방 받다 검색 레 타이드 예방 목적 사용 가능 같다 경우 엑스레이 찍다 진 받다 병원 측이 삭감 안되다 만약 구지 엑스레이 찍다 처방 가능 평소 진료 받다 선생님 받다 하다 가능 여쭈다 보다,쌕쌕소리
사다 여자 정도 흡연 하다 술 먹다 몸 좋다 알다 미치다 살아오다 현재 증상 낮 밤 가리다 호흡 곤란 기침 심호흡 때 소리 나다 숨 크다 들이다 턱 막히다 기침 나오다 최근 술 마시다 그러다 전 고양이 키우다 비염 증상 심하다 동네 병원 서 비염 약 받아먹다 호흡 곤란 기침 얘기 천식 가다 같다 기관지 확장제 약 목 뿌리다 약 받다 먹다 늘다 요즘 달 심하다 밤 자다 깨 기침 숨쉬다 힘들다 하다 잠 자다 단순 천식 이렇다 흡연 넘다 걱정 되다 검진 같다 받다 본적 없다 알아보다 병원 가다 어떻다 얘기 돈 속 기침 호흡 곤란 대하다 원인 밝혀내다 잇다 정도 비용 들다 검사 받다 갈다 날 하다 잇다 아다 님 예약 같다 하다 하다 병원 담쌓다 살아오다 알다 없다,쌕쌕소리
밤 되다 목 소리 나다 낮 쌕쌕거리다 숨 쉬다 때 가래 걸리다 하다 하다 마르다 기침 자다 끈 밤 쌕쌕거리다 잠 자다 없다 숨쉬다 때 가래 걸리다 낮 심 해지다 기침 하다 병원 처방 받다 약 먹다 일 째다 나아지다 기미 보이다 증상 이렇다 되다 병원 가다 약 처방 받다 방치 하다 까다 기관지 천식 단순 독 감기 모르다 만약 천식 치료 있다 치료 시간 걸리다,쌕쌕소리
전 머리 살다 아프다 두통 심하다 그러다 어제 종합적 아프다 통 그전 사라지다 숨 쉬다 때 소리 나다 조금 걷다 숨 가쁘다 콧물 흐르다 기침 나오다 속 가래 걸리다 느낌 듣다 아침 목도 아프다 주말 걸리다 급하다 약 국가 약사 먹다 효과 없다 증상 아다 그리다 물 설사 계속,쌕쌕소리
달 전 목 붓다 이비인후과 방문 약 먹다 일쯤 기침 심하다 몸 속 가래 있다 느낌 듣다 내과 의원 방문 기관지 염처 방약 복용 항생제 포함 주간 먹다 기침 나아지다 크다 병원 가다 코 흉부 엑스레이 찍다 부비동 염과 기관지염 있다 주 정도 약 복용 기침 나오다 아침 밤 자다 때 자 목 기침 나오다 달 동안 잠 서다 침 내과 청진기 소리 좋다 하다 알레르기 기관지 천식 의심 약 복용 기침 나아지다 목 가래 끼다 느낌 듣다 이비인후과 방문 역류 후두염 진단 받다 위장약 아침 알 먹다 이것을 달 달 먹다 되다 함 내과 이비인후과 진단 틀리다 이비인후과 약 복용 기침 나다 심 구토 후두염 자체 기침 심하다 나다 하다 기침 달 이상 가다 하다 곳 문제 있다 하다 아다 님 크다 병원 가다 진료 받다 하다 기침 오래가다 무섭다,쌕쌕소리
안녕 현재 보컬 트레이너 많다 레슨 생 의하다 소화 잇다 후반 남자 최근 잦다 먼지 쉬다 몸살 감기 한번 걸리다 휴식 취하다 하다 몸살 증상 낫다 몸 살이 가시다 기침 증상 발생 이비인후과 방문 주사 맞다 약 먹다 나아지다 감 없다 같다 있다 괜찮다 말 하다 하다 공기 크다 들 마시다 하다 목 안쪽 해지다 격 기침 연속 나타나다 인하다 성대 마찰 목 상태 악화 레슨 진행 무리 상태 개인 사 정상 다음달 일 중지 힘들다 상태 일주일 약 명의 레슨 혼자 보다 소리 세다 하나 말 하다 하다 입장 기침 피하다 힘들다 뒤적거리다 보다 기관지염 가능성 높다 기관지 좁다 기침 발생 하다 평소 헛기침 하다 습관 없다 심하다 읃다 목 망가지다 이러다 성대 결절 위협 하다 걱정 되다 모 과차 좋다 달이다 먹다 호전 되다 한 의원 가보 추천 듣다 반응 호불호 모르다 지식 답변 뒤지다 자료 뒤 덮다 광고 글 투 신뢰 안되다 개인적 규모 있다 블다 로그 운영 직 간접 광고 거르다 내기 전문 정확 병명 휴식 많다 상황 대처법 조금 호전 시키다 약 추천 좋다 일하다 때 고통,쌕쌕소리
담배 피다 부모님 천식 없다 달 전 감기 걸리다 목 아프다 비염 있다 콧물 나다 기침 달 동안 그리다 평소 숨쉬다 이상 없다 내쉬다 때 암 파하 있다 하다 가슴 소리 쌔다 리 천식 덜다 천식,쌕쌕소리
예전 알레르기 비염 앓다 기침 주 앓다 심하다 없다 병원 가기 전 염 물어보다 기침 하루 급작스럽다 다가오다 기침 시작하다 주체 없다 정도 하다 토 하다 구역질 하다 정 도로 아다 한 기침 안하다 때 쯤 목 안 식도 가래 차다 버티다 힘들다 정도 어쩌다 때 노래 나오다 정도 괴롭다 어제 늘다 기침 하다 때 갈비뼈 심하다 아프다 아다 가요,쌕쌕소리
오래되다 이상 되다 같다 목젖 기준 하다 옆 오른쪽 부분 가 걸리다 느낌 오른쪽 그렇다 부분 가래 끼다 갈색 이물질 섞이다 나오다 하다 어쩌다 때다 침 삼키다 부분 냄새 올라오다 하다 이비인후과 가다 편도 작고 편도 결석 없다다 하다 전 보다 편도 결석 같다 아니다 가래 갈색 이물질 섞이다 나오다 보다 호흡기 내과 진료 받다 이물감 있다 부분 누르다 숨 크다 들이마시다 내뱉다 소리 나다 누르다 가래 끌다 올리다 이물질 섞이다 가래 나오다,쌕쌕소리
안녕 인 남학생 다르다 어머니 달 다되다 기침 하다 계세 한의 원도 가다 한약 짓다 낫다 병원 천식 하다 어머니 증상 제가 보다 때 숨 차다 오르막길 걷다 계단 올르다 거리 기침 하다 시작 정도 반복 자기 전 심하다 같다 어머니 몸 걱정 그러다 병 크다 병,쌕쌕소리
안녕 천식 관련 문의 드리다 전 늘다 증상 없다 전 증상 있다 같다 조금 강도 높다 운동 하다 되다 숨 헐떡거리다 정도 심하다 가슴 숨 끝 쉬다 목 무언가 끼다 같다 있다 작년 목 이물감 있다 한동안 줄기차다 응급실 다니다 스트레스 받다 해지다 생각 살이 찌다 그러다 같다 하다 증상 평소 걷다 때 소리 나다 스트레칭 팔 하다 방향 돌리다 스트레칭 장기 폐 같다 가다 당기다 같다 느낌 소리 나다 가슴 숨 끝 쉬다 목 이물감 있다 맵다 먹다 가래 끼다 천식 하다 있다 역류 식도염 알다 역류 식도염 약 복용 중이 긴하다 숨 끝 쉬다 힘들다 긴하다 죽다 같다 느낌 받다 정도 내일 몰르다 검사 갈다 검사 어떻다 하다 알다 목 구역질 심하다 치과 치료 받다 정도 구역질 검사 받다 있다 알다,쌕쌕소리
병원 늘다 알다 비염 잇다 알다 기관지염 같다 하다 기관지 천식 일 가능성 높다 하다 증상 쌕쌕거리다 심 코 골다 소리 들리다 그리하다 기침 한번 숨 쉬다 정도 막 하구 가래 들끓다 크다 병원 가다 검사 하다 아까 숨 막히다 거리다 소리 기관지 천식 맞다 요래 숨쉬다 잇다,쌕쌕소리
처음 콧물 나오다 하다 약국 팔다 약 사다 먹다 그렇다 곽 사다 먹다 낫다 동네 병원 가다 천식 같다 약 처방 받다 약 먹다 기침 똑같다 콧물 나오다 하다 내과 가다 진찰 목 보다 숨 소리 듣다 하다 하다 사진 촬영 하다 폐 스다 별 이상 없다다 기관지 해지다 같다 치약 처방 받다 지금 치약 먹다 증상 나아지다 남 약 먹다 기다리다 낫다,쌕쌕소리
레 타이드 번갈아가다 쓰다 숨쉬다 때 거리다 소리 안 나도 천식 보다 있다 가슴 마르다 기침 하다 되다 그러다 나오다,쌕쌕소리
콧물 코 힘 없다 목 아프다 가래 머리 아프다 기침 심해 가늘다 같다 병원 가다 약도 받다 주사 맞다 마지막 병원 가다 엑스레이 찍다 별 이상 없다다 감기약 일치 받다 회복 되다 요 어제 왼쪽 가슴 아래 아프다 갈비뼈 하다 기침 계속 한번 끝 하다 자다 전 아침 심해 무엇 까다,쌕쌕소리
어린이집 보내다 전 소아과 천식 가다 판정 받다 감기 걸리다 기침 가래 코 힘 증상 가래 목 넘어가다 구토 증상 정도 이후 기침 하다 이상 약 먹다 호전 없다 병원 비다 후 충 농 증 가다 천식 가다 병원 주 약 먹다 호전 없다 아이 병원 맞다 싶다 비다 후 과 가다 요새 기온 차로 코 막히다 가래 간은 항생제 복용 하다 호전 있다 완벽 치료 되다 항생제 복용 후 완치 되다 어린이집 가다 며칠 있다 코 막히다 가래 반복 하다 며칠 전 천식 오다 가다 하다 천식 판정 받다 알다 검사 알다 반응 나오다 없다 하다 숨 쉬다 불편 하다 적도 없다 자다 때 숨 깨다 그러다 적도 없다 감기 가다 심 걸리 가래 인하다 정도 빼다 밤 자 베다 토 블다 라이 저용 푸다 미 코트 집 기계 있다 처방 받다 기침 가래 심하다 때 한번 식 사용 하다 숨소리 가다 거리다 소리 없다 대 근육 활동 하다 뛰어다니다 산 가다 숨 실 때 힘들다 내색 이 없다 뛰다 숨차다 빼다 천식 증상 없다 천식 검사 하다 알다 있다,쌕쌕소리
며칠 전 숨 쉬다 불편 움직이다 숨 차다 목 걸리다 눌리다 느낌 병원 가다 병원 폐활량 검사 심전도 검사 엑스레이 같다 찍다 피 뽑다 이상 없다다 하다 알레르기 비염 있다 약 처방 받다 감기 주전 주 정도 걸리다 낮 괜찮다 저녁 되다 기침 심하다 숨쉬다 때 가슴 가래 소리 같다 주 기침 중인 거지다 아침 피 맛 나다 기침 가래 없다 감기 걸리다 때 낮 이상 없다 저녁 거리 소리나다 기침 쉬다 토하다 같다 잠 자구 고 병원 갈다 시간 없다 심각 병,쌕쌕소리
숨쉬다 그렇다 크다 마 쉬다 입 하 하면서 폐 색색 거리 소리 나다 가관 지가 좋다 환절기 가래 폐 끼다 그러다 가요 담배 피다 닿다 가래 기 헛기침 하다 거리 기만 그다 폐 있다 같다 가래 나다 오진 않다 암,쌕쌕소리
고 인 여고생 태어나다 때 심장 좋다 뛰다 보통 사람 힘들다 정도 중 때 체육 대회 때 릴레이 경주 나가다 달리다 목 피리 소리 소리 쇳소리 거리다 진정 해 되다 숨 넘어가다 불 안정 숨 막히다 숨 쉬다 눈물 나다 정도 고 말 측정 똑같다 일 일어나다 헛기침 심장 약하다 알다 천식 인건 모르다 느다 어떡 되다 모르다 정확 답변 부탁 드리다 천식 초기 증상 어떻다 되다 천식 후천적 생기다 있다 만약 천식 증상 전 어떻다 하다 되다,쌕쌕소리
침대 안쪽 놓다 젖병 닦다 오다 하다 닦다 수건 손 닦다 소리 아기 떨어지다 침대 높이다 한 센티 되다 같다 떨어지다 때 눕다 자세 대자 떨어지다 라텍스 방석 위 떨어지다 머리 위 약간 바닥 벗어나다 울다 안다 달래다 뒤 거리다 잠들다 눕히다 팔 다리 주무르다 뒤척이다 하다 몸 옆 틀다 자다 고 지금 손 올리고 만세 자다 원래 지금 시간 시간 졸리다 하다 이상 있다 쳐지다 증상 다 이러다 일 많다 걱정 괜찮다 까다 자다 일어나다 아침 기다리다 이상 있다 병원 가면 늦다 까다,쌕쌕소리
코 감기 목감기 걸리다 약국 팔다 약 먹다 콧물 멈추다 목 아프다 없다 기침 일주일 안 없다 지네 학생 시험 기간 기침 친구 공부 방해 하다 안되다 계속 사이 나오다 기침약 먹다 없다 병원 가기 증상 기침 숨 내쉬다 때 소리 나다 없다 집 없다 때 기다리다 아니다 병원 가야,쌕쌕소리
지금 지금 비염 천식 기관지염 잇다 평발 제가 결핵 걸리다 잇 습 니다 천식 뛰다 숨 소리 소리 나다 기침 나다 평발 걷다 발 아프다 달리기 잘못하다 태어나다 때 코 기 돈 가다 살다 휘다 잇다 하다 쓰다 몸 정상 아니다 같다 이러다 군대 면제 되다,쌕쌕소리
오전 이불 덮다 찬 바닥 시간 자다 일어나다 온몸 차다 얼다 물 씻다 시간 후 발작적 기침 수시 나다 저 자다 눕다 콧물 물 모르다 무언가 액체 목 흐르다 느낌 있다 뱉어내다 갈색 갈의 가래 콧물 입 보다 피 섞이다 후 루 트다 가래 색 연두색 나오다 점 액 가래 나오다 후 지나가다 콧물 코 막히다 생기다 지나다 나서다 미각 후각 없다 약간 미각 후각 돌아오다 기침 코 힘 콧물 재채기 심 현제 그러다 이상 몸 열 없다 코 부위 얼굴 약간 미열 나다 두통 심하다 감기 같다 목 소리 가래 끼다 목소리 콧소리 하다 되다 무 트다 목소리 변조 증상 있다 현제 증상 코 힘 콧물 가래 기침 기침 토 함 기침 때 무섭다 기침 나오다 하다 노력 기침 가래 목 걸리다 하다 한번 기침 동안 연속 기침 하다 무섭다 천식 목 소리 나다 하다 그러다 없다 감기 몸 열 나다 하다 열 나다 기침 가래 코 힘 콧물 나오다 양쪽 목 가 걸리다 느낌 일 낫다 기미 보이다 결핵,쌕쌕소리
내과 내원 기흉 폐렴 초기 추정 진단 받다 의뢰서 작성 하다 후 대학 병원 같다 대 사진 보시다 화살표 있다 개인 병원 이상 표시 하다 주신 부분 인대 대학 병원 의사 선생님 보시다 늘다 대 개 속 숨 차고 오른쪽 배 위 옆 부근 이 숨쉬다 때 마 해 숨쉬다 때 목 소리 나다 이상 없다,쌕쌕소리
평상시 기침 심하다 하다 이상 잠 자리 듣다 잠 들다 기침 심하다 하다 일어나다 증상 시작 올해 듣다 처음 증상 나타나다 기침 숨 소리 소리 나다 숨 쉬다 때 느낌 드다 이전 이비인후과 스다 검진 받다 약 먹다 완치 기미 안보,쌕쌕소리
안녕 작년 가을 경 기침 심하다 병원 방문 알다 지성 비염 알다 기침 약 처방 약 먹다 증상 나아지다 하루 심 기침 시달리다 기침 정도 지속 가래 없다 마르다 기침 하다 목 가렵다 숨 쉬다 거리다 소리 나다 치료 받다 알다 치료 어렵다 듣다 아다 기침 치료 가능 여부 치료 과정 대하다 알다,쌕쌕소리
사다 여자 살아오다 크다 병 앓다 없다 아토피 있다 비염 있다 예전 중학생 때 그때 몸 양옆 움직이다 스트레칭 하다 명치께 하다 바람 소리 나다 그때 충격 받다 뒤 스트레칭 안하다 오늘 해보다 그때 낳다 그리다 일주일 전 목 이물감 느껴다 고요 기침 하다 기침 심하다 예전 숨쉬다 딸리다 같다 간 이렇다 없다 하다 무섭다 부모님 말 못하다 건강 염려증 심하다 부모님 소리 듣다 끝나다 같다 검색 보다 하다 천식 증상 다양 같다 무섭다 정신 하나 없다 글 이상 이해 부탁드리다 전문가 불다 답장 부탁드리다 천식 맞다 치료 에다 늦다 까다 방치 급하다 답장 부탁드리다 보다 병원 가보다,쌕쌕소리
생후 되다 여아 모유 없다 분유 수유 급하다 먹다 되다 때 많다 사래 면 기침 하다 일전 가래 끓다 소리 나다 요즘 거품 되다 침 입 밖 때 아기 표정 찡그리다 좋다 토하다 때 입 흘러내리다 분수 토 하다 문제 있다 까다,쌕쌕소리
생후 차 남자 아이 있다 남자 벌 퇴근 집 오다 후 저녁 먹다 집사람 결혼 전 운동 좋아하다 운동 하다 갈다 문제 터 애기 엄마 찾다 목 쉬다 정도 시간 울다 목 쉬다 집사람 돌아오다 얌전 숨소리 거리다 걱정 반복 아기 걱정 되다 운동 애기 모유 수유 끊다 때 까다 참고 안 가다 좋다 한번 얘기 세상 세상 그러다 소리 하다 느다 쓰다 소리 듣다 하다 최근 파마 하다 하다 걱정 모유 수유 괜찮다 상식선 아기 위하다 조금 참다 하다 좋다 세상 아기 엄마 하다 하다 물어보다 곳 없다 지식인 물어보다,쌕쌕소리
후 비루 간 앓다 알레르기 비염 집 먼지 진드기 알레르기 있다 눕다 숨쉬다 달 전 바 처음 복용 시작 현재 바 스피다 바 레 복용 하다 천명 없다 천식 있다 살다 호흡 곤란 공포 느끼다 적도 없다 쌕쌕거리다 소리 느끼다 본적 없다 달 전 천식 흡입제 복용 터 이상 심하다 같다 지금 스피다 피 확장제 덕분 숨쉬기 조금 편 해지다 같다 눕다 가래 걸리다 느낌 듣다 기침 유발 숨 길 막히다 이유 숨쉬기 해지다 하다 제가 천식 생각 본적 없다 같다 의사 선생님 말씀하다 이상 점 있다 숨쉬다 힘들다 때 흡입 별 대란 개선 되다 달다 점 호흡 측정 수치 정상인 퍼센트 수준 푸다 센타 나오다 하다 가변적 효능 느끼다 스피다 사용하다 나서다 전반적 좋아지다 느끼다 같다 증상 천식 만약 천식 스피다 바 같다 흡입제 사용시 좋다 증상 나타나다 있다,쌕쌕소리
숨 쉬다 응급실 가다 엑스레이 찍다 폐 프로 숨 쉬다 하다 수액 맞다 블다 라이저 하다 하루 이틀 입원 하다 어제 가족 올라오다 집 오다 일어나다 기침 많다 숨 그리하다 어제 쉬다 같다 가다 입원 낫다 숨쉬다 때 색색 소리 나다 음식 들어가다 힘들다,쌕쌕소리
오랜만 운동 나가다 새벽 빡시다 닿다 늘다 지치다 앉다 잇다 폐가 타다 같다 입 피 맛 나다 운동 힘들다 하다 그렇다 하다 넘기다 집 오다 가래 피 섞이다 소리 나다 병원 가다 되다,쌕쌕소리
안녕 하세 김 목 개 짖다 소리 나다 동네 의원 곳 방문 의사 분 진단 틀리다 말씀 드림 니다 제가 담배 하루 개피 정도 고요 폐 검사 정상 기관지 염 하다 의사 있다 기관지 천식 의사 있다 작년 월경 호흡 곤란 심하다 오다 후 늘다 호흡 곤란 안 오다 오더 작년 월경 잦다 호흡 곤란 매일 찾다 이상 멈추다 안다 기관지 염 약 천식약 달 먹다 효과 없다 담배 꿇다 없다 피다 약물 복용 그렇다 담배 피다 숨쉬기 힘들다 연탄 가스 마 쉬다 느낌 목 구멍 따갑다 목 구멍 아픔 목 구멍 희다 느낌 복부 나오다 종합 병원 곳 갈다 곳 의사 엑스레이 폐 기능 검사 하다 하다 해 이상 없다다 약 처 방안 다르다 종합 병원 가다 시 티 폐 기능 검사 엑스레이 하다 목 막히다 천식 끼 있다 대 천식 말 모르다 제가 즘 라면 뿌시다 먹다 기도 넘어가다 중간 걸리다 느낌 있다 심하다 안다 방치 이후 생선 까다 시도 한번 걸리다 동네 의원 가다 걸리다 없다 하다 목 가 걸리다 느낌 돌아다니다 느낌 호흡 곤란 올다 모르다 요즘 약 먹다 목 소리 심하다 의사 불다 말 틀리다 죽기 싫다 담배 피다 약 안 들다 발 도와주다,쌕쌕소리
오늘 길 고양이 한마리 병원 건강 감 진 받다 귀 진드기 있다 말다 외관상 문제 없다 앞 지켜보다 문제 있다 보다 하다 데려오다 지금 발견 이상은 키 트다 사료 인지 안 먹다 스틱 간식 먹다 호흡 빠르다 때다 간식 관심 주다 물 먹다 주기적 기침 계속 해 적응 안되다 그러다 진 모르다 울다 비슷하다 소리 보통 길 고양이 임 보하다 때 밤 제대 로 거리 스다 돌아다니다 울다 질 않다 중간 중간 끊기다 걱정 지금 회 호흡 하다 때 있다 그때 걱정 다가가다 울다 소리 내다 소리 심장 폐 문제 있다 까다,쌕쌕소리
듣다 폐 질환 천식 없다 코 골 숨 내쉬다 때 천식 나다 소리 나다 기저 질환 있다,쌕쌕소리
제가 잠자다 새벽 일어나다 호흡 곤란 감기 심하다 하다 자다 전 나다 아침 일어나다 목 소리 심하다 들리다 병원 가다 치료 받다 천식 돌아오다 같다,쌕쌕소리
원장 안녕 강수 빌다 엄마 바쁘다 전화 주다 상담 엄마 입장 생각 감사 아프다 아기 지켜보다 힘들다 알다 금요일 오전 전화 주다 하다 수 빌다 증상 알리다 소아과 다녀오다 항 진해 거담제 처방 받다 먹이다 증상 호전 보이다 양약 먹이다 어제 저녁 심하다 기침 하다 아기 숨 소리 쇳소리 소리 하다 소리 나다 기침 분유 토하다 콧물 흐르다 식 땀 흘리다 그러다 밤 열 심 시어머니 따르다 오늘 아침 소아과 가다 가슴 소리 낳다 가래 끓다 하다 중이염 없다다 특별 말 듣다 회사 오다 처방전 보다 약이 추가 되다 항생제 기관지 확장제 패 항생제 먹이다 되다 기관지염 콧물 감기 중이염 앓다 빌다 처음 보이다 증상 집 비상 양약 먹이다 말 꺼내다 없다 상태 한약 중단 상태 빌다 감기 낫다 한약 시작하다 하다 하다 빌다 증상 호전 어떻다 도와주다 가습기 튿다 아기 손 두드리다 하다 있다 있다 물 먹이다 아다 유산균 먹이다 중단,쌕쌕소리
안녕 방문 전 문의 드리다 자 적다 일 여아 저번 주 알다 오른쪽 젖 몽우리 지다 조그만하다 잡히다 왼쪽 없다 성장 들어가다 빠르다 속도 늦다 하다 없다 참고 정도 감기 걸리다 소리 나기 하다 천식 성장 문제 없다 건강 아이 잡다 있다 쯤 소아과 방문 천식 여부 확인 아이 천식 단정 짓다 없다 알레르기 비염 알레르기 하다 많다 문의 드리다 같다 빠르다 답변 부탁 드리다 감사,쌕쌕소리
감기 앓다 모세 기관지염 천식 오다 밤 되다 기침 가래 코 힘 되다 호흡 소리 힘들다 하다 동네 소아과 약 이상 복용 증상 호전 이번 기관지염 진단 입원 소아 한의원 진료비 성장 관련 검사 비용 한약 구 입시 들다 비용 보험 되다 아들 둘 키 적다 과체중 걱정 되다,쌕쌕소리
되다 여아 인가 밤 자다 때 입 다물다 자다 코 하다 소리 나다 입 벌리다 자다 때 소리 들리다 가슴 귀 대보다 소리 울리다 정도 소아과 저번 이유 가다 비염 말씀 약 주간 먹다 별 호전 없다 슬다 별 증상 아 약 먹이다 되다 짧다 소견 조언 부탁,쌕쌕소리
안녕 검사 만성 천식 확정 받다 사람 겨울철 히터 틀다 숨 막히다 숨 쉬다 평소 걷다 때 숨 차다 층 계단 정도 올라가다 때 숨 차다 추위 코 거리다 소리 나다 빼다 일반적 만성 천식 호흡 곤란 응급실 호흡기 달다 살다 환자 겪다 심 증상 겪다 없다 빼다 잠 자다 그러다 약 먹다 하다 일상생활 지장 없다 같다,쌕쌕소리
아이 감기 걸리다 쌕쌕거리다 소리 나다 소아과 쌔다 과 호흡 응급실 가다 산소호흡기 하다 시다 올해 횟수 정상 과 호흡 기준 알리다,쌕쌕소리
아들 소아 천식 진단 받다 감기 오다 때 천식 소리 들리다 하다 지금 병원 알레르기 약 흡입 제도 받다 쓰다 정도 쓰다 앞 쓰다 모르다 예전 병원 약 쓰다 때 낫다 한참 깨끗하다 감기 걸리다 나빠지다 밤 기침 하다 뛰다 놀다 때 기침 심하다 어떠다 때 가래 소리 나다 어떻다 때 소리 나다 목 동 소아 남 소아 천식,쌕쌕소리
안녕 여아 아이 모세 기관지염 심하다 달 지금 병원 입원 응급 입원 호흡 곤란 오다 심장 박동 빠르다 심장 박동 늦추다 디곡신 투여 마다 추고 산소호흡기 달다 암 트다 어리다 딸아이 맘 아프다 하다 현재 병원 치료 중이 구 하다 새벽 숨소리 좋다 거려 원하다 집 오다 며칠 괜찮다 심하다 그러다 병원 물어보다 원인 속 말하다 무 얼 조심 하다 하다 아이 공기 청 청기 매이다 이불 털다 내고 바깥 외출 삼가하다 애기 아빠 담배 재제 하다 반복 병원 치료 계속 받다 약 먹이다 되다 속상하다 하다 그러다 중 인터넷 뒤지다 한의원 을 알다 되다 모세 기관지염 한방 차료 있다 하다 그러다 근본적 치료 있다 싶다 양방 그때 그때 치료 목적 밖 안되다 같다 아이 기침 때 컹컹거리다 기침 시작하다 그때 소아과 안방 드나들다 감기 치료 받다 종합 병원 숱하다 가다 엑스레이 찍다 올르다 응급실 새벽 가다 생각 그때 치료 안받다 병원 하다 같다 그때 모세 기관지염 모르다 동네 소아과 나중 말씀하다 그때 소아과 다니다 감기약 먹이다 아니다 제대 치료 하다 까다 되다 생각 마음 한구석 후회 무지 제자 신 원망 생기다 현재 인터넷 진료 예약 하다 상태 그전 마음 이렇다 상담 글 올리다 건강 영아 여 모세 기관지염,쌕쌕소리
강아지 엄마 소파 눕다 일시적 소리 내다 숨 거칠다 쉬다 찾아보다 거위 소리 질병 글 있다 거위 소리 거칠다 소리 하다 들다 놀라다 병원 데려가다 하다 병 의심 알다 질문 올리다 지금 호흡 정상 돌아오다 소파 눕다 휴지 가지다 놀다 일부 먹다 그렇다 까다,쌕쌕소리
현재 되다 여자 아이 독감 예방 하다 다음날 고열 일 하다 열다 꽃 온몸 낫다 코 감기 오다 전 하루 변 보다 변 코 같다 하다 액체 보다 냉 같다 하다 소아과 별말 없다 어른 체 끼 있다 하다 분유 모유 병원 모유 중단 좋다 기 분유 먹이다 변 액체 있다 때 냄새 나다 하다 신생아 때 기관지 좋다 숨 쉬다 때 소리 내다 감기 걸리다 심 가래 생기다 아기 고 기관지 먹다 한약 있다 강남 소아 여 변색 이상 감기 면역력 예방,쌕쌕소리
아이 평소 기침 하다 감다 증상 기침 하다 경우 많다 헷갈리다 이렇다 기침 달다 살다 강남 여 잦다 기침,쌕쌕소리
아이다 남다 아이다 그러다 감기 이번 감기 소리 콧물 중이염 소리 소아과 크다 병원 가라다 하다 차례 다니다 달 주 넘다 달 되어가다 낫질 않다 병원 모세 기관지염 나중 천식 자라다 낫다 바라다 없다다 하다 어제 크다 병원 사진 피검사 이상 없다 확인 오늘 다니다 소아과 호흡기 치료 하다 가다 선생님 말씀 모세 기관지염 천식 정도 치료 호전 되다 하다 안되다 보다 모세 기관지염 아니다 있다 하루 이틀 좋아지다 아니다 커다 가다 기관지 확장 좋아지다 때 지켜보다 하다 싶다 하다 선생님 진찰 받다 좋다 같다 호흡기 치료 효과 없다 같다 하다 엄마 안타깝다 목욕 시키다 외출 아이 어리다 하다 있다 일 없다 같다 한방 근본 적인 치료 하다 있다 언제쯤 한방 치료 가능 가요 집 하다 있다 일 어떻다 있다 아이 가슴 덜다 영향 있다 양산 소아 남 호흡기 질환 감기,쌕쌕소리
안녕 하세 근래 듣다 목 좁다 느낌 들다 호흡 힘들다 중간 중간 의식적 크다 들숨 들이쉬다 하다 정도 그러다 시간 정도 지나다 짧다 이내 길다 시간 자다 일어나다 괜찮다 감기 인하다 편도 염증 생기다 침 삼키다 때 목 아프다 경우 목구멍 좁다 기분 제가 비염 알다 지가 있다 집 부모님 고양이 키우다 계세 고양이 고양이 초반 집 오다 때 근처 있다 눈물 콧물 나오다 지금 수년 지나다 적응 되다 직접적 털이 기관지 눈 들어가다 이상 알다 지반 일어 진 않다 고양이 털갈이 시즌 콧물 재채기 하다 알다 지성 반응 일어 고양이 호흡 곤란 오다 없다 고양이 알다 지가 원인 인가 대하다 서다 의구심 들다 하다 아다 참 근래 호흡 곤란 증상 일어나다 때 처음 알다 지반 알다 지 먹다 체감 효과 없다 처음 겪다 현상 걱정 되다 조언 부탁드리다,쌕쌕소리
기침 숨 쉬다 하다 정도 해 소아과 다녀오다 모세 기관지염 하다 조금 심하다 지면 폐렴 오다 같다 양약 먹다 중이 한약 치료 가능 가요,쌕쌕소리
집 강아지 노견 며칠 전 괜찮다 애 밥 먹다 먹다 토 하다 마르다 숨 쉬다 때 거리다 소리 나다 눈꼽 눈동자 닿다 붙들다 이 끼다 여름 덥다 힘들다 하나 하다 아이스 팩 같다 대주다 오드 오 떨기 하다 어떠다 증상,쌕쌕소리
만성 비염 있다 비염 심해 축농증 심하다 옛날 수술 하다 지금 재발 조금 있다 병원 최근 코 감기 콧물 생기다 코 막히다 때 메 숨 쉬다 가슴 코 풀다 코 부울다 같다 하다 잠 자다 숨 쉬다 저 이상 코 숨쉬다 때 마다 코 파람 소리 같다 거리다 소리 나다,쌕쌕소리
아기 되다 지나다 일요일 기침 하다 정상 정도 콧물 나오다 나다 와요 흐르다 코 하다 소리 나다 보다 안쪽 막히다 같다 옹알이 하다 울다 때 들어보다 가래 있다 같다 오늘 숨쉬다 때 하다 소리 들리다 하다 지나다 일요일 하다 기침 말 못하다 작다 아기 기침 하다 걱정 모유 먹이다 기침 하다 기운 빠지다 어떻다 하다 참고 주중 병원 한번 다녀오다 약 먹이다,쌕쌕소리
유산소 운동 후 숨 거리 건 정상 평상시 숨 쉬다 지장 없다 운동 후 숨 쉬다 때 소리 나다 숨 들어오다 느낌 들다 운동 부족 정상 기관지 문제 있다,쌕쌕소리
